<?xml version="1.0"?>
<resumen><informante><ruc>7188231</ruc><dv>6</dv><nombre>DURAN VIZCARRO, FELIX GREGORIO</nombre><tipoContribuyente>FISICO</tipoContribuyente><tipoSociedad/><nombreFantasia/><clasificacion>FISICO</clasificacion><obligaciones><nombre>IVA  General</nombre><fechaDesde>01/01/2012</fechaDesde><impuesto>211</impuesto></obligaciones><clasificacion>FISICO</clasificacion></informante><identificacion><periodo>2019</periodo><tipoMovimiento>CON_MOVIMIENTO</tipoMovimiento><tipoPresentacion>ORIGINAL</tipoPresentacion><version>1.0.1</version></identificacion><cantidades><ingresos>23</ingresos><egresos>95</egresos></cantidades><totales><ingresos><ruc>7188231</ruc><periodo>2019</periodo><tipoTexto>HPRSP</tipoTexto><valorGravado>4071203</valorGravado><valorNoGravado>0</valorNoGravado></ingresos><ingresos><ruc>7188231</ruc><periodo>2019</periodo><tipoTexto>HPRSP</tipoTexto><valorGravado>33682800</valorGravado><valorNoGravado>0</valorNoGravado></ingresos><ingresos><ruc>7188231</ruc><periodo>2019</periodo><tipoTexto>HPRSP</tipoTexto><valorGravado>32966345</valorGravado><valorNoGravado>0</valorNoGravado></ingresos><ingresos><ruc>7188231</ruc><periodo>2019</periodo><tipoTexto>HPRSP</tipoTexto><valorGravado>28053387</valorGravado><valorNoGravado>0</valorNoGravado></ingresos><ingresos><ruc>7188231</ruc><periodo>2019</periodo><tipoTexto>HPRSP</tipoTexto><valorGravado>2272727</valorGravado><valorNoGravado>0</valorNoGravado></ingresos><ingresos><ruc>7188231</ruc><periodo>2019</periodo><tipoTexto>HPRSP</tipoTexto><valorGravado>33202255</valorGravado><valorNoGravado>0</valorNoGravado></ingresos><ingresos><ruc>7188231</ruc><periodo>2019</periodo><tipoTexto>HPRSP</tipoTexto><valorGravado>34071709</valorGravado><valorNoGravado>0</valorNoGravado></ingresos><ingresos><ruc>7188231</ruc><periodo>2019</periodo><tipoTexto>VO</tipoTexto><valorGravado>1605911</valorGravado><valorNoGravado>0</valorNoGravado></ingresos><ingresos><ruc>7188231</ruc><periodo>2019</periodo><tipoTexto>HPRSP</tipoTexto><valorGravado>34775673</valorGravado><valorNoGravado>0</valorNoGravado></ingresos><ingresos><ruc>7188231</ruc><periodo>2019</periodo><tipoTexto>HPRSP</tipoTexto><valorGravado>34196018</valorGravado><valorNoGravado>0</valorNoGravado></ingresos><ingresos><ruc>7188231</ruc><periodo>2019</periodo><tipoTexto>HPRSP</tipoTexto><valorGravado>27951408</valorGravado><valorNoGravado>0</valorNoGravado></ingresos><ingresos><ruc>7188231</ruc><periodo>2019</periodo><tipoTexto>HPRSP</tipoTexto><valorGravado>33726600</valorGravado><valorNoGravado>0</valorNoGravado></ingresos><ingresos><ruc>7188231</ruc><periodo>2019</periodo><tipoTexto>HPRSP</tipoTexto><valorGravado>27668291</valorGravado><valorNoGravado>0</valorNoGravado></ingresos><ingresos><ruc>7188231</ruc><periodo>2019</periodo><tipoTexto>HPRSP</tipoTexto><valorGravado>34273200</valorGravado><valorNoGravado>0</valorNoGravado></ingresos><ingresos><ruc>7188231</ruc><periodo>2019</periodo><tipoTexto>HPRSP</tipoTexto><valorGravado>4071203</valorGravado><valorNoGravado>0</valorNoGravado></ingresos><ingresos><ruc>7188231</ruc><periodo>2019</periodo><tipoTexto>HPRSP</tipoTexto><valorGravado>4071203</valorGravado><valorNoGravado>0</valorNoGravado></ingresos><ingresos><ruc>7188231</ruc><periodo>2019</periodo><tipoTexto>HPRSP</tipoTexto><valorGravado>32784000</valorGravado><valorNoGravado>0</valorNoGravado></ingresos><ingresos><ruc>7188231</ruc><periodo>2019</periodo><tipoTexto>HPRSP</tipoTexto><valorGravado>4071203</valorGravado><valorNoGravado>0</valorNoGravado></ingresos><ingresos><ruc>7188231</ruc><periodo>2019</periodo><tipoTexto>HPRSP</tipoTexto><valorGravado>26895010</valorGravado><valorNoGravado>0</valorNoGravado></ingresos><ingresos><ruc>7188231</ruc><periodo>2019</periodo><tipoTexto>HPRSP</tipoTexto><valorGravado>28116705</valorGravado><valorNoGravado>0</valorNoGravado></ingresos><ingresos><ruc>7188231</ruc><periodo>2019</periodo><tipoTexto>HPRSP</tipoTexto><valorGravado>4071203</valorGravado><valorNoGravado>0</valorNoGravado></ingresos><ingresos><ruc>7188231</ruc><periodo>2019</periodo><tipoTexto>HPRSP</tipoTexto><valorGravado>28528918</valorGravado><valorNoGravado>0</valorNoGravado></ingresos><ingresos><ruc>7188231</ruc><periodo>2019</periodo><tipoTexto>HPRSP</tipoTexto><valorGravado>4071203</valorGravado><valorNoGravado>0</valorNoGravado></ingresos><egresos><ruc>7188231</ruc><periodo>2019</periodo><tipoEgreso>gasto</tipoEgreso><clasificacion>GPERS</clasificacion><valor>1340853</valor></egresos><egresos><ruc>7188231</ruc><periodo>2019</periodo><tipoEgreso>gasto</tipoEgreso><clasificacion>GPERS</clasificacion><valor>272900</valor></egresos><egresos><ruc>7188231</ruc><periodo>2019</periodo><tipoEgreso>gasto</tipoEgreso><clasificacion>GPERS</clasificacion><valor>624000</valor></egresos><egresos><ruc>7188231</ruc><periodo>2019</periodo><tipoEgreso>gasto</tipoEgreso><clasificacion>GPERS</clasificacion><valor>1268912</valor></egresos><egresos><ruc>7188231</ruc><periodo>2019</periodo><tipoEgreso>gasto</tipoEgreso><clasificacion>GPERS</clasificacion><valor>702410</valor></egresos><egresos><ruc>7188231</ruc><periodo>2019</periodo><tipoEgreso>gasto</tipoEgreso><clasificacion>GPERS</clasificacion><valor>553412</valor></egresos><egresos><ruc>7188231</ruc><periodo>2019</periodo><tipoEgreso>gasto</tipoEgreso><clasificacion>GPERS</clasificacion><valor>3857143</valor></egresos><egresos><ruc>7188231</ruc><periodo>2019</periodo><tipoEgreso>gasto</tipoEgreso><clasificacion>GPERS</clasificacion><valor>496750</valor></egresos><egresos><ruc>7188231</ruc><periodo>2019</periodo><tipoEgreso>gasto</tipoEgreso><clasificacion>GPERS</clasificacion><valor>136500</valor></egresos><egresos><ruc>7188231</ruc><periodo>2019</periodo><tipoEgreso>gasto</tipoEgreso><clasificacion>GPERS</clasificacion><valor>614017</valor></egresos><egresos><ruc>7188231</ruc><periodo>2019</periodo><tipoEgreso>gasto</tipoEgreso><clasificacion>GPERS</clasificacion><valor>632468</valor></egresos><egresos><ruc>7188231</ruc><periodo>2019</periodo><tipoEgreso>gasto</tipoEgreso><clasificacion>GPERS</clasificacion><valor>514500</valor></egresos><egresos><ruc>7188231</ruc><periodo>2019</periodo><tipoEgreso>gasto</tipoEgreso><clasificacion>GPERS</clasificacion><valor>2400000</valor></egresos><egresos><ruc>7188231</ruc><periodo>2019</periodo><tipoEgreso>gasto</tipoEgreso><clasificacion>GPERS</clasificacion><valor>370590</valor></egresos><egresos><ruc>7188231</ruc><periodo>2019</periodo><tipoEgreso>gasto</tipoEgreso><clasificacion>GPERS</clasificacion><valor>1031642</valor></egresos><egresos><ruc>7188231</ruc><periodo>2019</periodo><tipoEgreso>gasto</tipoEgreso><clasificacion>GPERS</clasificacion><valor>325639</valor></egresos><egresos><ruc>7188231</ruc><periodo>2019</periodo><tipoEgreso>gasto</tipoEgreso><clasificacion>GPERS</clasificacion><valor>286100</valor></egresos><egresos><ruc>7188231</ruc><periodo>2019</periodo><tipoEgreso>gasto</tipoEgreso><clasificacion>GPERS</clasificacion><valor>1175000</valor></egresos><egresos><ruc>7188231</ruc><periodo>2019</periodo><tipoEgreso>gasto</tipoEgreso><clasificacion>GPERS</clasificacion><valor>153151</valor></egresos><egresos><ruc>7188231</ruc><periodo>2019</periodo><tipoEgreso>gasto</tipoEgreso><clasificacion>GPERS</clasificacion><valor>63984</valor></egresos><egresos><ruc>7188231</ruc><periodo>2019</periodo><tipoEgreso>gasto</tipoEgreso><clasificacion>GPERS</clasificacion><valor>101045</valor></egresos><egresos><ruc>7188231</ruc><periodo>2019</periodo><tipoEgreso>gasto</tipoEgreso><clasificacion>GPERS</clasificacion><valor>65500</valor></egresos><egresos><ruc>7188231</ruc><periodo>2019</periodo><tipoEgreso>gasto</tipoEgreso><clasificacion>GPERS</clasificacion><valor>394537</valor></egresos><egresos><ruc>7188231</ruc><periodo>2019</periodo><tipoEgreso>gasto</tipoEgreso><clasificacion>GPERS</clasificacion><valor>1195236</valor></egresos><egresos><ruc>7188231</ruc><periodo>2019</periodo><tipoEgreso>gasto</tipoEgreso><clasificacion>GPERS</clasificacion><valor>110000</valor></egresos><egresos><ruc>7188231</ruc><periodo>2019</periodo><tipoEgreso>gasto</tipoEgreso><clasificacion>GPERS</clasificacion><valor>200000</valor></egresos><egresos><ruc>7188231</ruc><periodo>2019</periodo><tipoEgreso>gasto</tipoEgreso><clasificacion>GPERS</clasificacion><valor>1783378</valor></egresos><egresos><ruc>7188231</ruc><periodo>2019</periodo><tipoEgreso>gasto</tipoEgreso><clasificacion>GPERS</clasificacion><valor>1305000</valor></egresos><egresos><ruc>7188231</ruc><periodo>2019</periodo><tipoEgreso>gasto</tipoEgreso><clasificacion>GPERS</clasificacion><valor>374494</valor></egresos><egresos><ruc>7188231</ruc><periodo>2019</periodo><tipoEgreso>gasto</tipoEgreso><clasificacion>GPERS</clasificacion><valor>117800</valor></egresos><egresos><ruc>7188231</ruc><periodo>2019</periodo><tipoEgreso>gasto</tipoEgreso><clasificacion>GPERS</clasificacion><valor>255000</valor></egresos><egresos><ruc>7188231</ruc><periodo>2019</periodo><tipoEgreso>gasto</tipoEgreso><clasificacion>GPERS</clasificacion><valor>378418</valor></egresos><egresos><ruc>7188231</ruc><periodo>2019</periodo><tipoEgreso>gasto</tipoEgreso><clasificacion>GPERS</clasificacion><valor>526000</valor></egresos><egresos><ruc>7188231</ruc><periodo>2019</periodo><tipoEgreso>gasto</tipoEgreso><clasificacion>GPERS</clasificacion><valor>6000000</valor></egresos><egresos><ruc>7188231</ruc><periodo>2019</periodo><tipoEgreso>gasto</tipoEgreso><clasificacion>GPERS</clasificacion><valor>749543</valor></egresos><egresos><ruc>7188231</ruc><periodo>2019</periodo><tipoEgreso>gasto</tipoEgreso><clasificacion>GPERS</clasificacion><valor>345000</valor></egresos><egresos><ruc>7188231</ruc><periodo>2019</periodo><tipoEgreso>gasto</tipoEgreso><clasificacion>GPERS</clasificacion><valor>410000</valor></egresos><egresos><ruc>7188231</ruc><periodo>2019</periodo><tipoEgreso>gasto</tipoEgreso><clasificacion>GPERS</clasificacion><valor>85000</valor></egresos><egresos><ruc>7188231</ruc><periodo>2019</periodo><tipoEgreso>gasto</tipoEgreso><clasificacion>GPERS</clasificacion><valor>174000</valor></egresos><egresos><ruc>7188231</ruc><periodo>2019</periodo><tipoEgreso>gasto</tipoEgreso><clasificacion>GPERS</clasificacion><valor>1320384</valor></egresos><egresos><ruc>7188231</ruc><periodo>2019</periodo><tipoEgreso>gasto</tipoEgreso><clasificacion>GPERS</clasificacion><valor>3927000</valor></egresos><egresos><ruc>7188231</ruc><periodo>2019</periodo><tipoEgreso>gasto</tipoEgreso><clasificacion>GPERS</clasificacion><valor>1131656</valor></egresos><egresos><ruc>7188231</ruc><periodo>2019</periodo><tipoEgreso>gasto</tipoEgreso><clasificacion>GPERS</clasificacion><valor>489091</valor></egresos><egresos><ruc>7188231</ruc><periodo>2019</periodo><tipoEgreso>gasto</tipoEgreso><clasificacion>GPERS</clasificacion><valor>1205623</valor></egresos><egresos><ruc>7188231</ruc><periodo>2019</periodo><tipoEgreso>gasto</tipoEgreso><clasificacion>GPERS</clasificacion><valor>300000</valor></egresos><egresos><ruc>7188231</ruc><periodo>2019</periodo><tipoEgreso>gasto</tipoEgreso><clasificacion>GPERS</clasificacion><valor>266000</valor></egresos><egresos><ruc>7188231</ruc><periodo>2019</periodo><tipoEgreso>gasto</tipoEgreso><clasificacion>GPERS</clasificacion><valor>886812</valor></egresos><egresos><ruc>7188231</ruc><periodo>2019</periodo><tipoEgreso>gasto</tipoEgreso><clasificacion>GPERS</clasificacion><valor>36000</valor></egresos><egresos><ruc>7188231</ruc><periodo>2019</periodo><tipoEgreso>gasto</tipoEgreso><clasificacion>GPERS</clasificacion><valor>142860</valor></egresos><egresos><ruc>7188231</ruc><periodo>2019</periodo><tipoEgreso>gasto</tipoEgreso><clasificacion>GPERS</clasificacion><valor>1412557</valor></egresos><egresos><ruc>7188231</ruc><periodo>2019</periodo><tipoEgreso>gasto</tipoEgreso><clasificacion>GPERS</clasificacion><valor>120000</valor></egresos><egresos><ruc>7188231</ruc><periodo>2019</periodo><tipoEgreso>gasto</tipoEgreso><clasificacion>GPERS</clasificacion><valor>114286</valor></egresos><egresos><ruc>7188231</ruc><periodo>2019</periodo><tipoEgreso>gasto</tipoEgreso><clasificacion>GPERS</clasificacion><valor>1043398</valor></egresos><egresos><ruc>7188231</ruc><periodo>2019</periodo><tipoEgreso>gasto</tipoEgreso><clasificacion>GPERS</clasificacion><valor>162316</valor></egresos><egresos><ruc>7188231</ruc><periodo>2019</periodo><tipoEgreso>gasto</tipoEgreso><clasificacion>GPERS</clasificacion><valor>193636</valor></egresos><egresos><ruc>7188231</ruc><periodo>2019</periodo><tipoEgreso>gasto</tipoEgreso><clasificacion>GPERS</clasificacion><valor>231500</valor></egresos><egresos><ruc>7188231</ruc><periodo>2019</periodo><tipoEgreso>gasto</tipoEgreso><clasificacion>GPERS</clasificacion><valor>109091</valor></egresos><egresos><ruc>7188231</ruc><periodo>2019</periodo><tipoEgreso>gasto</tipoEgreso><clasificacion>GPERS</clasificacion><valor>1523855</valor></egresos><egresos><ruc>7188231</ruc><periodo>2019</periodo><tipoEgreso>gasto</tipoEgreso><clasificacion>GPERS</clasificacion><valor>496000</valor></egresos><egresos><ruc>7188231</ruc><periodo>2019</periodo><tipoEgreso>gasto</tipoEgreso><clasificacion>GPERS</clasificacion><valor>94741</valor></egresos><egresos><ruc>7188231</ruc><periodo>2019</periodo><tipoEgreso>gasto</tipoEgreso><clasificacion>GPERS</clasificacion><valor>310000</valor></egresos><egresos><ruc>7188231</ruc><periodo>2019</periodo><tipoEgreso>gasto</tipoEgreso><clasificacion>GPERS</clasificacion><valor>230000</valor></egresos><egresos><ruc>7188231</ruc><periodo>2019</periodo><tipoEgreso>gasto</tipoEgreso><clasificacion>GPERS</clasificacion><valor>1515334</valor></egresos><egresos><ruc>7188231</ruc><periodo>2019</periodo><tipoEgreso>gasto</tipoEgreso><clasificacion>GPERS</clasificacion><valor>140000</valor></egresos><egresos><ruc>7188231</ruc><periodo>2019</periodo><tipoEgreso>gasto</tipoEgreso><clasificacion>GPERS</clasificacion><valor>392874</valor></egresos><egresos><ruc>7188231</ruc><periodo>2019</periodo><tipoEgreso>gasto</tipoEgreso><clasificacion>GPERS</clasificacion><valor>140000</valor></egresos><egresos><ruc>7188231</ruc><periodo>2019</periodo><tipoEgreso>gasto</tipoEgreso><clasificacion>GPERS</clasificacion><valor>286100</valor></egresos><egresos><ruc>7188231</ruc><periodo>2019</periodo><tipoEgreso>gasto</tipoEgreso><clasificacion>GPERS</clasificacion><valor>186348</valor></egresos><egresos><ruc>7188231</ruc><periodo>2019</periodo><tipoEgreso>gasto</tipoEgreso><clasificacion>GPERS</clasificacion><valor>510558</valor></egresos><egresos><ruc>7188231</ruc><periodo>2019</periodo><tipoEgreso>gasto</tipoEgreso><clasificacion>GPERS</clasificacion><valor>198178</valor></egresos><egresos><ruc>7188231</ruc><periodo>2019</periodo><tipoEgreso>gasto</tipoEgreso><clasificacion>GPERS</clasificacion><valor>249930</valor></egresos><egresos><ruc>7188231</ruc><periodo>2019</periodo><tipoEgreso>gasto</tipoEgreso><clasificacion>GPERS</clasificacion><valor>1103014</valor></egresos><egresos><ruc>7188231</ruc><periodo>2019</periodo><tipoEgreso>gasto</tipoEgreso><clasificacion>GPERS</clasificacion><valor>131000</valor></egresos><egresos><ruc>7188231</ruc><periodo>2019</periodo><tipoEgreso>gasto</tipoEgreso><clasificacion>GPERS</clasificacion><valor>215800</valor></egresos><egresos><ruc>7188231</ruc><periodo>2019</periodo><tipoEgreso>gasto</tipoEgreso><clasificacion>GPERS</clasificacion><valor>54495</valor></egresos><egresos><ruc>7188231</ruc><periodo>2019</periodo><tipoEgreso>gasto</tipoEgreso><clasificacion>GPERS</clasificacion><valor>238277</valor></egresos><egresos><ruc>7188231</ruc><periodo>2019</periodo><tipoEgreso>gasto</tipoEgreso><clasificacion>GPERS</clasificacion><valor>359750</valor></egresos><egresos><ruc>7188231</ruc><periodo>2019</periodo><tipoEgreso>gasto</tipoEgreso><clasificacion>GPERS</clasificacion><valor>190000</valor></egresos><egresos><ruc>7188231</ruc><periodo>2019</periodo><tipoEgreso>gasto</tipoEgreso><clasificacion>GPERS</clasificacion><valor>638286</valor></egresos><egresos><ruc>7188231</ruc><periodo>2019</periodo><tipoEgreso>gasto</tipoEgreso><clasificacion>GPERS</clasificacion><valor>7750000</valor></egresos><egresos><ruc>7188231</ruc><periodo>2019</periodo><tipoEgreso>gasto</tipoEgreso><clasificacion>GPERS</clasificacion><valor>1376705</valor></egresos><egresos><ruc>7188231</ruc><periodo>2019</periodo><tipoEgreso>gasto</tipoEgreso><clasificacion>GPERS</clasificacion><valor>116200</valor></egresos><egresos><ruc>7188231</ruc><periodo>2019</periodo><tipoEgreso>gasto</tipoEgreso><clasificacion>GPERS</clasificacion><valor>2604054</valor></egresos><egresos><ruc>7188231</ruc><periodo>2019</periodo><tipoEgreso>gasto</tipoEgreso><clasificacion>GPERS</clasificacion><valor>145000</valor></egresos><egresos><ruc>7188231</ruc><periodo>2019</periodo><tipoEgreso>gasto</tipoEgreso><clasificacion>GPERS</clasificacion><valor>1301355</valor></egresos><egresos><ruc>7188231</ruc><periodo>2019</periodo><tipoEgreso>gasto</tipoEgreso><clasificacion>GPERS</clasificacion><valor>545002</valor></egresos><egresos><ruc>7188231</ruc><periodo>2019</periodo><tipoEgreso>gasto</tipoEgreso><clasificacion>GPERS</clasificacion><valor>115100</valor></egresos><egresos><ruc>7188231</ruc><periodo>2019</periodo><tipoEgreso>gasto</tipoEgreso><clasificacion>GPERS</clasificacion><valor>2576000</valor></egresos><egresos><ruc>7188231</ruc><periodo>2019</periodo><tipoEgreso>gasto</tipoEgreso><clasificacion>GPERS</clasificacion><valor>31000</valor></egresos><egresos><ruc>7188231</ruc><periodo>2019</periodo><tipoEgreso>gasto</tipoEgreso><clasificacion>GPERS</clasificacion><valor>113550</valor></egresos><egresos><ruc>7188231</ruc><periodo>2019</periodo><tipoEgreso>gasto</tipoEgreso><clasificacion>GPERS</clasificacion><valor>701900</valor></egresos><egresos><ruc>7188231</ruc><periodo>2019</periodo><tipoEgreso>gasto</tipoEgreso><clasificacion>GPERS</clasificacion><valor>384249</valor></egresos><egresos><ruc>7188231</ruc><periodo>2019</periodo><tipoEgreso>gasto</tipoEgreso><clasificacion>GPERS</clasificacion><valor>7750000</valor></egresos><egresos><ruc>7188231</ruc><periodo>2019</periodo><tipoEgreso>gasto</tipoEgreso><clasificacion>GPERS</clasificacion><valor>147750</valor></egresos><egresos><ruc>7188231</ruc><periodo>2019</periodo><tipoEgreso>gasto</tipoEgreso><clasificacion>GPERS</clasificacion><valor>164358</valor></egresos><arbolIngresos><subtotalGravado>499198175</subtotalGravado><subtotalNoGravado>0</subtotalNoGravado><HPRSP><gravado>4071203</gravado><noGravado>0</noGravado></HPRSP><VO><gravado>1605911</gravado><noGravado>0</noGravado></VO></arbolIngresos><arbolEgresos><gasto><GPERS>164358.00</GPERS><total>79508895</total></gasto></arbolEgresos></totales></resumen>
