{"informante":{"ruc":"7188231","dv":"6","nombre":"DURAN VIZCARRO, FELIX GREGORIO","tipoContribuyente":"FISICO","tipoSociedad":null,"nombreFantasia":"","obligaciones":[{"nombre":"IVA  General","fechaDesde":"01\/01\/2012","impuesto":211}],"clasificacion":"FISICO"},"identificacion":{"periodo":"2019","tipoMovimiento":"CON_MOVIMIENTO","tipoPresentacion":"ORIGINAL","version":"1.0.1"},"cantidades":{"ingresos":23,"egresos":95},"totales":{"ingresos":[{"ruc":"7188231","periodo":"2019","tipoTexto":"HPRSP","valorGravado":4071203,"valorNoGravado":0},{"ruc":"7188231","periodo":"2019","tipoTexto":"HPRSP","valorGravado":33682800,"valorNoGravado":0},{"ruc":"7188231","periodo":"2019","tipoTexto":"HPRSP","valorGravado":32966345,"valorNoGravado":0},{"ruc":"7188231","periodo":"2019","tipoTexto":"HPRSP","valorGravado":28053387,"valorNoGravado":0},{"ruc":"7188231","periodo":"2019","tipoTexto":"HPRSP","valorGravado":2272727,"valorNoGravado":0},{"ruc":"7188231","periodo":"2019","tipoTexto":"HPRSP","valorGravado":33202255,"valorNoGravado":0},{"ruc":"7188231","periodo":"2019","tipoTexto":"HPRSP","valorGravado":34071709,"valorNoGravado":0},{"ruc":"7188231","periodo":"2019","tipoTexto":"VO","valorGravado":1605911,"valorNoGravado":0},{"ruc":"7188231","periodo":"2019","tipoTexto":"HPRSP","valorGravado":34775673,"valorNoGravado":0},{"ruc":"7188231","periodo":"2019","tipoTexto":"HPRSP","valorGravado":34196018,"valorNoGravado":0},{"ruc":"7188231","periodo":"2019","tipoTexto":"HPRSP","valorGravado":27951408,"valorNoGravado":0},{"ruc":"7188231","periodo":"2019","tipoTexto":"HPRSP","valorGravado":33726600,"valorNoGravado":0},{"ruc":"7188231","periodo":"2019","tipoTexto":"HPRSP","valorGravado":27668291,"valorNoGravado":0},{"ruc":"7188231","periodo":"2019","tipoTexto":"HPRSP","valorGravado":34273200,"valorNoGravado":0},{"ruc":"7188231","periodo":"2019","tipoTexto":"HPRSP","valorGravado":4071203,"valorNoGravado":0},{"ruc":"7188231","periodo":"2019","tipoTexto":"HPRSP","valorGravado":4071203,"valorNoGravado":0},{"ruc":"7188231","periodo":"2019","tipoTexto":"HPRSP","valorGravado":32784000,"valorNoGravado":0},{"ruc":"7188231","periodo":"2019","tipoTexto":"HPRSP","valorGravado":4071203,"valorNoGravado":0},{"ruc":"7188231","periodo":"2019","tipoTexto":"HPRSP","valorGravado":26895010,"valorNoGravado":0},{"ruc":"7188231","periodo":"2019","tipoTexto":"HPRSP","valorGravado":28116705,"valorNoGravado":0},{"ruc":"7188231","periodo":"2019","tipoTexto":"HPRSP","valorGravado":4071203,"valorNoGravado":0},{"ruc":"7188231","periodo":"2019","tipoTexto":"HPRSP","valorGravado":28528918,"valorNoGravado":0},{"ruc":"7188231","periodo":"2019","tipoTexto":"HPRSP","valorGravado":4071203,"valorNoGravado":0}],"egresos":[{"ruc":"7188231","periodo":2019,"tipoEgreso":"gasto","clasificacion":"GPERS","valor":1340853},{"ruc":"7188231","periodo":2019,"tipoEgreso":"gasto","clasificacion":"GPERS","valor":272900},{"ruc":"7188231","periodo":2019,"tipoEgreso":"gasto","clasificacion":"GPERS","valor":624000},{"ruc":"7188231","periodo":2019,"tipoEgreso":"gasto","clasificacion":"GPERS","valor":1268912},{"ruc":"7188231","periodo":2019,"tipoEgreso":"gasto","clasificacion":"GPERS","valor":702410},{"ruc":"7188231","periodo":2019,"tipoEgreso":"gasto","clasificacion":"GPERS","valor":553412},{"ruc":"7188231","periodo":2019,"tipoEgreso":"gasto","clasificacion":"GPERS","valor":3857143},{"ruc":"7188231","periodo":2019,"tipoEgreso":"gasto","clasificacion":"GPERS","valor":496750},{"ruc":"7188231","periodo":2019,"tipoEgreso":"gasto","clasificacion":"GPERS","valor":136500},{"ruc":"7188231","periodo":2019,"tipoEgreso":"gasto","clasificacion":"GPERS","valor":614017},{"ruc":"7188231","periodo":2019,"tipoEgreso":"gasto","clasificacion":"GPERS","valor":632468},{"ruc":"7188231","periodo":2019,"tipoEgreso":"gasto","clasificacion":"GPERS","valor":514500},{"ruc":"7188231","periodo":2019,"tipoEgreso":"gasto","clasificacion":"GPERS","valor":2400000},{"ruc":"7188231","periodo":2019,"tipoEgreso":"gasto","clasificacion":"GPERS","valor":370590},{"ruc":"7188231","periodo":2019,"tipoEgreso":"gasto","clasificacion":"GPERS","valor":1031642},{"ruc":"7188231","periodo":2019,"tipoEgreso":"gasto","clasificacion":"GPERS","valor":325639},{"ruc":"7188231","periodo":2019,"tipoEgreso":"gasto","clasificacion":"GPERS","valor":286100},{"ruc":"7188231","periodo":2019,"tipoEgreso":"gasto","clasificacion":"GPERS","valor":1175000},{"ruc":"7188231","periodo":2019,"tipoEgreso":"gasto","clasificacion":"GPERS","valor":153151},{"ruc":"7188231","periodo":2019,"tipoEgreso":"gasto","clasificacion":"GPERS","valor":63984},{"ruc":"7188231","periodo":2019,"tipoEgreso":"gasto","clasificacion":"GPERS","valor":101045},{"ruc":"7188231","periodo":2019,"tipoEgreso":"gasto","clasificacion":"GPERS","valor":65500},{"ruc":"7188231","periodo":2019,"tipoEgreso":"gasto","clasificacion":"GPERS","valor":394537},{"ruc":"7188231","periodo":2019,"tipoEgreso":"gasto","clasificacion":"GPERS","valor":1195236},{"ruc":"7188231","periodo":2019,"tipoEgreso":"gasto","clasificacion":"GPERS","valor":110000},{"ruc":"7188231","periodo":2019,"tipoEgreso":"gasto","clasificacion":"GPERS","valor":200000},{"ruc":"7188231","periodo":2019,"tipoEgreso":"gasto","clasificacion":"GPERS","valor":1783378},{"ruc":"7188231","periodo":2019,"tipoEgreso":"gasto","clasificacion":"GPERS","valor":1305000},{"ruc":"7188231","periodo":2019,"tipoEgreso":"gasto","clasificacion":"GPERS","valor":374494},{"ruc":"7188231","periodo":2019,"tipoEgreso":"gasto","clasificacion":"GPERS","valor":117800},{"ruc":"7188231","periodo":2019,"tipoEgreso":"gasto","clasificacion":"GPERS","valor":255000},{"ruc":"7188231","periodo":2019,"tipoEgreso":"gasto","clasificacion":"GPERS","valor":378418},{"ruc":"7188231","periodo":2019,"tipoEgreso":"gasto","clasificacion":"GPERS","valor":526000},{"ruc":"7188231","periodo":2019,"tipoEgreso":"gasto","clasificacion":"GPERS","valor":6000000},{"ruc":"7188231","periodo":2019,"tipoEgreso":"gasto","clasificacion":"GPERS","valor":749543},{"ruc":"7188231","periodo":2019,"tipoEgreso":"gasto","clasificacion":"GPERS","valor":345000},{"ruc":"7188231","periodo":2019,"tipoEgreso":"gasto","clasificacion":"GPERS","valor":410000},{"ruc":"7188231","periodo":2019,"tipoEgreso":"gasto","clasificacion":"GPERS","valor":85000},{"ruc":"7188231","periodo":2019,"tipoEgreso":"gasto","clasificacion":"GPERS","valor":174000},{"ruc":"7188231","periodo":2019,"tipoEgreso":"gasto","clasificacion":"GPERS","valor":1320384},{"ruc":"7188231","periodo":2019,"tipoEgreso":"gasto","clasificacion":"GPERS","valor":3927000},{"ruc":"7188231","periodo":2019,"tipoEgreso":"gasto","clasificacion":"GPERS","valor":1131656},{"ruc":"7188231","periodo":2019,"tipoEgreso":"gasto","clasificacion":"GPERS","valor":489091},{"ruc":"7188231","periodo":2019,"tipoEgreso":"gasto","clasificacion":"GPERS","valor":1205623},{"ruc":"7188231","periodo":2019,"tipoEgreso":"gasto","clasificacion":"GPERS","valor":300000},{"ruc":"7188231","periodo":2019,"tipoEgreso":"gasto","clasificacion":"GPERS","valor":266000},{"ruc":"7188231","periodo":2019,"tipoEgreso":"gasto","clasificacion":"GPERS","valor":886812},{"ruc":"7188231","periodo":2019,"tipoEgreso":"gasto","clasificacion":"GPERS","valor":36000},{"ruc":"7188231","periodo":2019,"tipoEgreso":"gasto","clasificacion":"GPERS","valor":142860},{"ruc":"7188231","periodo":2019,"tipoEgreso":"gasto","clasificacion":"GPERS","valor":1412557},{"ruc":"7188231","periodo":2019,"tipoEgreso":"gasto","clasificacion":"GPERS","valor":120000},{"ruc":"7188231","periodo":2019,"tipoEgreso":"gasto","clasificacion":"GPERS","valor":114286},{"ruc":"7188231","periodo":2019,"tipoEgreso":"gasto","clasificacion":"GPERS","valor":1043398},{"ruc":"7188231","periodo":2019,"tipoEgreso":"gasto","clasificacion":"GPERS","valor":162316},{"ruc":"7188231","periodo":2019,"tipoEgreso":"gasto","clasificacion":"GPERS","valor":193636},{"ruc":"7188231","periodo":2019,"tipoEgreso":"gasto","clasificacion":"GPERS","valor":231500},{"ruc":"7188231","periodo":2019,"tipoEgreso":"gasto","clasificacion":"GPERS","valor":109091},{"ruc":"7188231","periodo":2019,"tipoEgreso":"gasto","clasificacion":"GPERS","valor":1523855},{"ruc":"7188231","periodo":2019,"tipoEgreso":"gasto","clasificacion":"GPERS","valor":496000},{"ruc":"7188231","periodo":2019,"tipoEgreso":"gasto","clasificacion":"GPERS","valor":94741},{"ruc":"7188231","periodo":2019,"tipoEgreso":"gasto","clasificacion":"GPERS","valor":310000},{"ruc":"7188231","periodo":2019,"tipoEgreso":"gasto","clasificacion":"GPERS","valor":230000},{"ruc":"7188231","periodo":2019,"tipoEgreso":"gasto","clasificacion":"GPERS","valor":1515334},{"ruc":"7188231","periodo":2019,"tipoEgreso":"gasto","clasificacion":"GPERS","valor":140000},{"ruc":"7188231","periodo":2019,"tipoEgreso":"gasto","clasificacion":"GPERS","valor":392874},{"ruc":"7188231","periodo":2019,"tipoEgreso":"gasto","clasificacion":"GPERS","valor":140000},{"ruc":"7188231","periodo":2019,"tipoEgreso":"gasto","clasificacion":"GPERS","valor":286100},{"ruc":"7188231","periodo":2019,"tipoEgreso":"gasto","clasificacion":"GPERS","valor":186348},{"ruc":"7188231","periodo":2019,"tipoEgreso":"gasto","clasificacion":"GPERS","valor":510558},{"ruc":"7188231","periodo":2019,"tipoEgreso":"gasto","clasificacion":"GPERS","valor":198178},{"ruc":"7188231","periodo":2019,"tipoEgreso":"gasto","clasificacion":"GPERS","valor":249930},{"ruc":"7188231","periodo":2019,"tipoEgreso":"gasto","clasificacion":"GPERS","valor":1103014},{"ruc":"7188231","periodo":2019,"tipoEgreso":"gasto","clasificacion":"GPERS","valor":131000},{"ruc":"7188231","periodo":2019,"tipoEgreso":"gasto","clasificacion":"GPERS","valor":215800},{"ruc":"7188231","periodo":2019,"tipoEgreso":"gasto","clasificacion":"GPERS","valor":54495},{"ruc":"7188231","periodo":2019,"tipoEgreso":"gasto","clasificacion":"GPERS","valor":238277},{"ruc":"7188231","periodo":2019,"tipoEgreso":"gasto","clasificacion":"GPERS","valor":359750},{"ruc":"7188231","periodo":2019,"tipoEgreso":"gasto","clasificacion":"GPERS","valor":190000},{"ruc":"7188231","periodo":2019,"tipoEgreso":"gasto","clasificacion":"GPERS","valor":638286},{"ruc":"7188231","periodo":2019,"tipoEgreso":"gasto","clasificacion":"GPERS","valor":7750000},{"ruc":"7188231","periodo":2019,"tipoEgreso":"gasto","clasificacion":"GPERS","valor":1376705},{"ruc":"7188231","periodo":2019,"tipoEgreso":"gasto","clasificacion":"GPERS","valor":116200},{"ruc":"7188231","periodo":2019,"tipoEgreso":"gasto","clasificacion":"GPERS","valor":2604054},{"ruc":"7188231","periodo":2019,"tipoEgreso":"gasto","clasificacion":"GPERS","valor":145000},{"ruc":"7188231","periodo":2019,"tipoEgreso":"gasto","clasificacion":"GPERS","valor":1301355},{"ruc":"7188231","periodo":2019,"tipoEgreso":"gasto","clasificacion":"GPERS","valor":545002},{"ruc":"7188231","periodo":2019,"tipoEgreso":"gasto","clasificacion":"GPERS","valor":115100},{"ruc":"7188231","periodo":2019,"tipoEgreso":"gasto","clasificacion":"GPERS","valor":2576000},{"ruc":"7188231","periodo":2019,"tipoEgreso":"gasto","clasificacion":"GPERS","valor":31000},{"ruc":"7188231","periodo":2019,"tipoEgreso":"gasto","clasificacion":"GPERS","valor":113550},{"ruc":"7188231","periodo":2019,"tipoEgreso":"gasto","clasificacion":"GPERS","valor":701900},{"ruc":"7188231","periodo":2019,"tipoEgreso":"gasto","clasificacion":"GPERS","valor":384249},{"ruc":"7188231","periodo":2019,"tipoEgreso":"gasto","clasificacion":"GPERS","valor":7750000},{"ruc":"7188231","periodo":2019,"tipoEgreso":"gasto","clasificacion":"GPERS","valor":147750},{"ruc":"7188231","periodo":2019,"tipoEgreso":"gasto","clasificacion":"GPERS","valor":164358}],"arbolIngresos":{"subtotalGravado":499198175,"subtotalNoGravado":0,"HPRSP":{"gravado":4071203,"noGravado":0},"VO":{"gravado":1605911,"noGravado":0}},"arbolEgresos":{"gasto":{"GPERS":"164358.00","total":79508895}}}}