{"informante":{"ruc":"7188231","dv":"6","nombre":"DURAN VIZCARRO, FELIX GREGORIO","tipoContribuyente":"FISICO","tipoSociedad":null,"nombreFantasia":"","obligaciones":[{"nombre":"IVA  General","fechaDesde":"01\/01\/2012","impuesto":211}],"clasificacion":"FISICO"},"identificacion":{"periodo":"2019","tipoMovimiento":"CON_MOVIMIENTO","tipoPresentacion":"ORIGINAL","version":"1.0.1"},"ingresos":[{"tipo":"1","periodo":"2019","tipoTexto":"Factura","fecha":"2019-06-28","mes":"6","ruc":"7188231","tipoIngreso":"HPRSP","tipoIngresoTexto":"Honorarios Profesionales y otras remuneraciones percibidas por servicios personales","id":1,"ingresoMontoGravado":4071203,"ingresoMontoNoGravado":0,"ingresoMontoTotal":4478323,"timbradoCondicion":"contado","timbradoDocumento":"001-001-0000243","timbradoNumero":"12996420","relacionadoTipoIdentificacion":"RUC","relacionadoNumeroIdentificacion":"80067805","relacionadoNombres":"VENEZIA CUATRO S.A.","cuentaNumero":"","cuentaRazonSocial":"","tipoDocumentoOtros":"","numeroDocumento":"001-001-0000243"},{"tipo":"1","periodo":"2019","tipoTexto":"Factura","fecha":"2019-03-29","mes":"3","ruc":"7188231","tipoIngreso":"HPRSP","tipoIngresoTexto":"Honorarios Profesionales y otras remuneraciones percibidas por servicios personales","id":2,"ingresoMontoGravado":33682800,"ingresoMontoNoGravado":0,"ingresoMontoTotal":37051080,"timbradoCondicion":"contado","timbradoDocumento":"001-001-0000234","timbradoNumero":"12996420","relacionadoTipoIdentificacion":"RUC","relacionadoNumeroIdentificacion":"80067805","relacionadoNombres":"VENEZIA CUATRO S.A.","cuentaNumero":"","cuentaRazonSocial":"","tipoDocumentoOtros":"","numeroDocumento":"001-001-0000234"},{"tipo":"1","periodo":"2019","tipoTexto":"Factura","fecha":"2019-01-31","mes":"1","ruc":"7188231","tipoIngreso":"HPRSP","tipoIngresoTexto":"Honorarios Profesionales y otras remuneraciones percibidas por servicios personales","id":3,"ingresoMontoGravado":32966345,"ingresoMontoNoGravado":0,"ingresoMontoTotal":36262980,"timbradoCondicion":"contado","timbradoDocumento":"001-001-0000230","timbradoNumero":"12996420","relacionadoTipoIdentificacion":"RUC","relacionadoNumeroIdentificacion":"80067805","relacionadoNombres":"VENEZIA CUATRO S.A.","cuentaNumero":"","cuentaRazonSocial":"","tipoDocumentoOtros":"","numeroDocumento":"001-001-0000230"},{"tipo":"1","periodo":"2019","tipoTexto":"Factura","fecha":"2019-05-31","mes":"5","ruc":"7188231","tipoIngreso":"HPRSP","tipoIngresoTexto":"Honorarios Profesionales y otras remuneraciones percibidas por servicios personales","id":4,"ingresoMontoGravado":28053387,"ingresoMontoNoGravado":0,"ingresoMontoTotal":30858726,"timbradoCondicion":"contado","timbradoDocumento":"001-001-0000238","timbradoNumero":"12996420","relacionadoTipoIdentificacion":"RUC","relacionadoNumeroIdentificacion":"80067805","relacionadoNombres":"VENEZIA CUATRO S.A.","cuentaNumero":"","cuentaRazonSocial":"","tipoDocumentoOtros":"","numeroDocumento":"001-001-0000238"},{"tipo":"1","periodo":"2019","tipoTexto":"Factura","fecha":"2019-03-27","mes":"3","ruc":"7188231","tipoIngreso":"HPRSP","tipoIngresoTexto":"Honorarios Profesionales y otras remuneraciones percibidas por servicios personales","id":5,"ingresoMontoGravado":2272727,"ingresoMontoNoGravado":0,"ingresoMontoTotal":2500000,"timbradoCondicion":"contado","timbradoDocumento":"001-001-0000233","timbradoNumero":"12996420","relacionadoTipoIdentificacion":"RUC","relacionadoNumeroIdentificacion":"4594691","relacionadoNombres":"AGUERO BRITEZ, HUGO ARIEL","cuentaNumero":"","cuentaRazonSocial":"","tipoDocumentoOtros":"","numeroDocumento":"001-001-0000233"},{"tipo":"1","periodo":"2019","tipoTexto":"Factura","fecha":"2019-02-28","mes":"2","ruc":"7188231","tipoIngreso":"HPRSP","tipoIngresoTexto":"Honorarios Profesionales y otras remuneraciones percibidas por servicios personales","id":6,"ingresoMontoGravado":33202255,"ingresoMontoNoGravado":0,"ingresoMontoTotal":36522480,"timbradoCondicion":"contado","timbradoDocumento":"001-001-0000232","timbradoNumero":"12996420","relacionadoTipoIdentificacion":"RUC","relacionadoNumeroIdentificacion":"80067805","relacionadoNombres":"VENEZIA CUATRO S.A.","cuentaNumero":"","cuentaRazonSocial":"","tipoDocumentoOtros":"","numeroDocumento":"001-001-0000232"},{"tipo":"1","periodo":"2019","tipoTexto":"Factura","fecha":"2019-08-30","mes":"8","ruc":"7188231","tipoIngreso":"HPRSP","tipoIngresoTexto":"Honorarios Profesionales y otras remuneraciones percibidas por servicios personales","id":7,"ingresoMontoGravado":34071709,"ingresoMontoNoGravado":0,"ingresoMontoTotal":37478880,"timbradoCondicion":"contado","timbradoDocumento":"001-001-0000248","timbradoNumero":"12996420","relacionadoTipoIdentificacion":"RUC","relacionadoNumeroIdentificacion":"80067805","relacionadoNombres":"VENEZIA CUATRO S.A.","cuentaNumero":"","cuentaRazonSocial":"","tipoDocumentoOtros":"","numeroDocumento":"001-001-0000248"},{"tipo":"1","periodo":"2019","tipoTexto":"Factura","fecha":"2019-02-22","mes":"2","ruc":"7188231","tipoIngreso":"VO","tipoIngresoTexto":"Venta Ocasional de Inmuebles, cesi\u00f3n de derechos, venta de t\u00edtulos, acciones, cuotas de capital y similares","id":8,"ingresoMontoGravado":1605911,"ingresoMontoNoGravado":0,"ingresoMontoTotal":1630000,"timbradoCondicion":"contado","timbradoDocumento":"001-001-0000231","timbradoNumero":"12996420","relacionadoTipoIdentificacion":"RUC","relacionadoNumeroIdentificacion":"4394242","relacionadoNombres":"LOPEZ, HUGO CESAR","cuentaNumero":"","cuentaRazonSocial":"","tipoDocumentoOtros":"","numeroDocumento":"001-001-0000231"},{"tipo":"1","periodo":"2019","tipoTexto":"Factura","fecha":"2019-09-30","mes":"9","ruc":"7188231","tipoIngreso":"HPRSP","tipoIngresoTexto":"Honorarios Profesionales y otras remuneraciones percibidas por servicios personales","id":9,"ingresoMontoGravado":34775673,"ingresoMontoNoGravado":0,"ingresoMontoTotal":38253240,"timbradoCondicion":"contado","timbradoDocumento":"001-001-0000251","timbradoNumero":"12996420","relacionadoTipoIdentificacion":"RUC","relacionadoNumeroIdentificacion":"80067805","relacionadoNombres":"VENEZIA CUATRO S.A.","cuentaNumero":"","cuentaRazonSocial":"","tipoDocumentoOtros":"","numeroDocumento":"001-001-0000251"},{"tipo":"1","periodo":"2019","tipoTexto":"Factura","fecha":"2019-05-31","mes":"5","ruc":"7188231","tipoIngreso":"HPRSP","tipoIngresoTexto":"Honorarios Profesionales y otras remuneraciones percibidas por servicios personales","id":10,"ingresoMontoGravado":34196018,"ingresoMontoNoGravado":0,"ingresoMontoTotal":37615620,"timbradoCondicion":"contado","timbradoDocumento":"001-001-0000239","timbradoNumero":"12996420","relacionadoTipoIdentificacion":"RUC","relacionadoNumeroIdentificacion":"80067805","relacionadoNombres":"VENEZIA CUATRO S.A.","cuentaNumero":"","cuentaRazonSocial":"","tipoDocumentoOtros":"","numeroDocumento":"001-001-0000239"},{"tipo":"1","periodo":"2019","tipoTexto":"Factura","fecha":"2019-08-30","mes":"8","ruc":"7188231","tipoIngreso":"HPRSP","tipoIngresoTexto":"Honorarios Profesionales y otras remuneraciones percibidas por servicios personales","id":11,"ingresoMontoGravado":27951408,"ingresoMontoNoGravado":0,"ingresoMontoTotal":30746549,"timbradoCondicion":"contado","timbradoDocumento":"001-001-0000247","timbradoNumero":"12996420","relacionadoTipoIdentificacion":"RUC","relacionadoNumeroIdentificacion":"80067805","relacionadoNombres":"VENEZIA CUATRO S.A.","cuentaNumero":"","cuentaRazonSocial":"","tipoDocumentoOtros":"","numeroDocumento":"001-001-0000247"},{"tipo":"1","periodo":"2019","tipoTexto":"Factura","fecha":"2019-06-28","mes":"6","ruc":"7188231","tipoIngreso":"HPRSP","tipoIngresoTexto":"Honorarios Profesionales y otras remuneraciones percibidas por servicios personales","id":12,"ingresoMontoGravado":33726600,"ingresoMontoNoGravado":0,"ingresoMontoTotal":37099260,"timbradoCondicion":"contado","timbradoDocumento":"001-001-0000242","timbradoNumero":"12996420","relacionadoTipoIdentificacion":"RUC","relacionadoNumeroIdentificacion":"80067805","relacionadoNombres":"VENEZIA CUATRO S.A.","cuentaNumero":"","cuentaRazonSocial":"","tipoDocumentoOtros":"","numeroDocumento":"001-001-0000242"},{"tipo":"1","periodo":"2019","tipoTexto":"Factura","fecha":"2019-06-28","mes":"6","ruc":"7188231","tipoIngreso":"HPRSP","tipoIngresoTexto":"Honorarios Profesionales y otras remuneraciones percibidas por servicios personales","id":13,"ingresoMontoGravado":27668291,"ingresoMontoNoGravado":0,"ingresoMontoTotal":30435120,"timbradoCondicion":"contado","timbradoDocumento":"001-001-0000241","timbradoNumero":"12996420","relacionadoTipoIdentificacion":"RUC","relacionadoNumeroIdentificacion":"80067805","relacionadoNombres":"VENEZIA CUATRO S.A.","cuentaNumero":"","cuentaRazonSocial":"","tipoDocumentoOtros":"","numeroDocumento":"001-001-0000241"},{"tipo":"1","periodo":"2019","tipoTexto":"Factura","fecha":"2019-04-29","mes":"4","ruc":"7188231","tipoIngreso":"HPRSP","tipoIngresoTexto":"Honorarios Profesionales y otras remuneraciones percibidas por servicios personales","id":14,"ingresoMontoGravado":34273200,"ingresoMontoNoGravado":0,"ingresoMontoTotal":37700520,"timbradoCondicion":"contado","timbradoDocumento":"001-001-0000235","timbradoNumero":"12996420","relacionadoTipoIdentificacion":"RUC","relacionadoNumeroIdentificacion":"80067805","relacionadoNombres":"VENEZIA CUATRO S.A.","cuentaNumero":"","cuentaRazonSocial":"","tipoDocumentoOtros":"","numeroDocumento":"001-001-0000235"},{"tipo":"1","periodo":"2019","tipoTexto":"Factura","fecha":"2019-09-30","mes":"9","ruc":"7188231","tipoIngreso":"HPRSP","tipoIngresoTexto":"Honorarios Profesionales y otras remuneraciones percibidas por servicios personales","id":15,"ingresoMontoGravado":4071203,"ingresoMontoNoGravado":0,"ingresoMontoTotal":4478323,"timbradoCondicion":"contado","timbradoDocumento":"001-001-0000250","timbradoNumero":"12996420","relacionadoTipoIdentificacion":"RUC","relacionadoNumeroIdentificacion":"80067805","relacionadoNombres":"VENEZIA CUATRO S.A.","cuentaNumero":"","cuentaRazonSocial":"","tipoDocumentoOtros":"","numeroDocumento":"001-001-0000250"},{"tipo":"1","periodo":"2019","tipoTexto":"Factura","fecha":"2019-04-29","mes":"4","ruc":"7188231","tipoIngreso":"HPRSP","tipoIngresoTexto":"Honorarios Profesionales y otras remuneraciones percibidas por servicios personales","id":16,"ingresoMontoGravado":4071203,"ingresoMontoNoGravado":0,"ingresoMontoTotal":4478323,"timbradoCondicion":"contado","timbradoDocumento":"001-001-0000237","timbradoNumero":"12996420","relacionadoTipoIdentificacion":"RUC","relacionadoNumeroIdentificacion":"80067805","relacionadoNombres":"VENEZIA CUATRO S.A.","cuentaNumero":"","cuentaRazonSocial":"","tipoDocumentoOtros":"","numeroDocumento":"001-001-0000237"},{"tipo":"1","periodo":"2019","tipoTexto":"Factura","fecha":"2019-07-30","mes":"7","ruc":"7188231","tipoIngreso":"HPRSP","tipoIngresoTexto":"Honorarios Profesionales y otras remuneraciones percibidas por servicios personales","id":17,"ingresoMontoGravado":32784000,"ingresoMontoNoGravado":0,"ingresoMontoTotal":36062400,"timbradoCondicion":"contado","timbradoDocumento":"001-001-0000245","timbradoNumero":"12996420","relacionadoTipoIdentificacion":"RUC","relacionadoNumeroIdentificacion":"80067805","relacionadoNombres":"VENEZIA CUATRO S.A.","cuentaNumero":"","cuentaRazonSocial":"","tipoDocumentoOtros":"","numeroDocumento":"001-001-0000245"},{"tipo":"1","periodo":"2019","tipoTexto":"Factura","fecha":"2019-07-30","mes":"7","ruc":"7188231","tipoIngreso":"HPRSP","tipoIngresoTexto":"Honorarios Profesionales y otras remuneraciones percibidas por servicios personales","id":18,"ingresoMontoGravado":4071203,"ingresoMontoNoGravado":0,"ingresoMontoTotal":4478323,"timbradoCondicion":"contado","timbradoDocumento":"001-001-0000246","timbradoNumero":"12996420","relacionadoTipoIdentificacion":"RUC","relacionadoNumeroIdentificacion":"80067805","relacionadoNombres":"VENEZIA CUATRO S.A.","cuentaNumero":"","cuentaRazonSocial":"","tipoDocumentoOtros":"","numeroDocumento":"001-001-0000246"},{"tipo":"1","periodo":"2019","tipoTexto":"Factura","fecha":"2019-07-30","mes":"7","ruc":"7188231","tipoIngreso":"HPRSP","tipoIngresoTexto":"Honorarios Profesionales y otras remuneraciones percibidas por servicios personales","id":19,"ingresoMontoGravado":26895010,"ingresoMontoNoGravado":0,"ingresoMontoTotal":29584511,"timbradoCondicion":"contado","timbradoDocumento":"001-001-0000244","timbradoNumero":"12996420","relacionadoTipoIdentificacion":"RUC","relacionadoNumeroIdentificacion":"80067805","relacionadoNombres":"VENEZIA CUATRO S.A.","cuentaNumero":"","cuentaRazonSocial":"","tipoDocumentoOtros":"","numeroDocumento":"001-001-0000244"},{"tipo":"1","periodo":"2019","tipoTexto":"Factura","fecha":"2019-04-29","mes":"4","ruc":"7188231","tipoIngreso":"HPRSP","tipoIngresoTexto":"Honorarios Profesionales y otras remuneraciones percibidas por servicios personales","id":20,"ingresoMontoGravado":28116705,"ingresoMontoNoGravado":0,"ingresoMontoTotal":30928376,"timbradoCondicion":"contado","timbradoDocumento":"001-001-0000236","timbradoNumero":"12996420","relacionadoTipoIdentificacion":"RUC","relacionadoNumeroIdentificacion":"80067805","relacionadoNombres":"VENEZIA CUATRO S.A.","cuentaNumero":"","cuentaRazonSocial":"","tipoDocumentoOtros":"","numeroDocumento":"001-001-0000236"},{"tipo":"1","periodo":"2019","tipoTexto":"Factura","fecha":"2019-08-30","mes":"8","ruc":"7188231","tipoIngreso":"HPRSP","tipoIngresoTexto":"Honorarios Profesionales y otras remuneraciones percibidas por servicios personales","id":21,"ingresoMontoGravado":4071203,"ingresoMontoNoGravado":0,"ingresoMontoTotal":4478323,"timbradoCondicion":"contado","timbradoDocumento":"001-001-0000249","timbradoNumero":"12996420","relacionadoTipoIdentificacion":"RUC","relacionadoNumeroIdentificacion":"80067805","relacionadoNombres":"VENEZIA CUATRO S.A.","cuentaNumero":"","cuentaRazonSocial":"","tipoDocumentoOtros":"","numeroDocumento":"001-001-0000249"},{"tipo":"1","periodo":"2019","tipoTexto":"Factura","fecha":"2019-09-30","mes":"9","ruc":"7188231","tipoIngreso":"HPRSP","tipoIngresoTexto":"Honorarios Profesionales y otras remuneraciones percibidas por servicios personales","id":22,"ingresoMontoGravado":28528918,"ingresoMontoNoGravado":0,"ingresoMontoTotal":31381810,"timbradoCondicion":"contado","timbradoDocumento":"001-001-0000252","timbradoNumero":"12996420","relacionadoTipoIdentificacion":"RUC","relacionadoNumeroIdentificacion":"80067805","relacionadoNombres":"VENEZIA CUATRO S.A.","cuentaNumero":"","cuentaRazonSocial":"","tipoDocumentoOtros":"","numeroDocumento":"001-001-0000252"},{"tipo":"1","periodo":"2019","tipoTexto":"Factura","fecha":"2019-05-31","mes":"5","ruc":"7188231","tipoIngreso":"HPRSP","tipoIngresoTexto":"Honorarios Profesionales y otras remuneraciones percibidas por servicios personales","id":23,"ingresoMontoGravado":4071203,"ingresoMontoNoGravado":0,"ingresoMontoTotal":4478323,"timbradoCondicion":"contado","timbradoDocumento":"001-001-0000240","timbradoNumero":"12996420","relacionadoTipoIdentificacion":"RUC","relacionadoNumeroIdentificacion":"80067805","relacionadoNombres":"VENEZIA CUATRO S.A.","cuentaNumero":"","cuentaRazonSocial":"","tipoDocumentoOtros":"","numeroDocumento":"001-001-0000240"}],"egresos":[{"periodo":"2019","tipo":"1","relacionadoTipoIdentificacion":"RUC","fecha":"2019-01-31","mes":"1","id":1,"ruc":"7188231","egresoMontoTotal":1340853,"relacionadoNombres":"INMOBILIARIA MONTECRISTO S.A.","relacionadoNumeroIdentificacion":"80099572","timbradoCondicion":"contado","timbradoDocumento":"001-002-0003695","timbradoNumero":"12844379","tipoEgreso":"gasto","tipoEgresoTexto":"Gasto","tipoTexto":"Factura","subtipoEgreso":"GPERS","subtipoEgresoTexto":"Gastos personales y de familiares a cargo realizados en el pa\u00eds","numeroDocumento":"001-002-0003695","cuentaNumero":"","cuentaRazonSocial":"","tipoDocumentoOtros":"","numeroDespacho":"001-002-0003695","cuentaPeriodo":"2019","cuentaEmpleador":"INMOBILIARIA MONTECRISTO S.A.","empleadorIdentificacion":"80099572"},{"periodo":"2019","tipo":"1","relacionadoTipoIdentificacion":"RUC","fecha":"2019-04-11","mes":"4","id":2,"ruc":"7188231","egresoMontoTotal":272900,"relacionadoNombres":"SERVICIOS Y PRODUCTOS MULTIMEDIOS S.A.","relacionadoNumeroIdentificacion":"80062796","timbradoCondicion":"credito","timbradoDocumento":"001-008-0046382","timbradoNumero":"13286809","tipoEgreso":"gasto","tipoEgresoTexto":"Gasto","tipoTexto":"Factura","subtipoEgreso":"GPERS","subtipoEgresoTexto":"Gastos personales y de familiares a cargo realizados en el pa\u00eds","numeroDocumento":"001-008-0046382","cuentaNumero":"","cuentaRazonSocial":"","tipoDocumentoOtros":"","numeroDespacho":"001-008-0046382","cuentaPeriodo":"2019","cuentaEmpleador":"SERVICIOS Y PRODUCTOS MULTIMEDIOS S.A.","empleadorIdentificacion":"80062796"},{"periodo":"2019","tipo":"1","relacionadoTipoIdentificacion":"RUC","fecha":"2019-02-09","mes":"2","id":3,"ruc":"7188231","egresoMontoTotal":624000,"relacionadoNombres":"PRV S.A.","relacionadoNumeroIdentificacion":"80080879","timbradoCondicion":"contado","timbradoDocumento":"001-001-0013535","timbradoNumero":"13176026","tipoEgreso":"gasto","tipoEgresoTexto":"Gasto","tipoTexto":"Factura","subtipoEgreso":"GPERS","subtipoEgresoTexto":"Gastos personales y de familiares a cargo realizados en el pa\u00eds","numeroDocumento":"001-001-0013535","cuentaNumero":"","cuentaRazonSocial":"","tipoDocumentoOtros":"","numeroDespacho":"001-001-0013535","cuentaPeriodo":"2019","cuentaEmpleador":"PRV S.A.","empleadorIdentificacion":"80080879"},{"periodo":"2019","tipo":"1","relacionadoTipoIdentificacion":"RUC","fecha":"2019-08-24","mes":"8","id":4,"ruc":"7188231","egresoMontoTotal":1268912,"relacionadoNombres":"MIRAFONTE SA","relacionadoNumeroIdentificacion":"80070391","timbradoCondicion":"contado","timbradoDocumento":"001-085-0023166","timbradoNumero":"13063353","tipoEgreso":"gasto","tipoEgresoTexto":"Gasto","tipoTexto":"Factura","subtipoEgreso":"GPERS","subtipoEgresoTexto":"Gastos personales y de familiares a cargo realizados en el pa\u00eds","numeroDocumento":"001-085-0023166","cuentaNumero":"","cuentaRazonSocial":"","tipoDocumentoOtros":"","numeroDespacho":"001-085-0023166","cuentaPeriodo":"2019","cuentaEmpleador":"MIRAFONTE SA","empleadorIdentificacion":"80070391"},{"periodo":"2019","tipo":"1","relacionadoTipoIdentificacion":"RUC","fecha":"2019-09-18","mes":"9","id":5,"ruc":"7188231","egresoMontoTotal":702410,"relacionadoNombres":"ALIMENTOS ESPECIALES SA.-","relacionadoNumeroIdentificacion":"80003296","timbradoCondicion":"contado","timbradoDocumento":"006-009-0060328","timbradoNumero":"13092596","tipoEgreso":"gasto","tipoEgresoTexto":"Gasto","tipoTexto":"Factura","subtipoEgreso":"GPERS","subtipoEgresoTexto":"Gastos personales y de familiares a cargo realizados en el pa\u00eds","numeroDocumento":"006-009-0060328","cuentaNumero":"","cuentaRazonSocial":"","tipoDocumentoOtros":"","numeroDespacho":"006-009-0060328","cuentaPeriodo":"2019","cuentaEmpleador":"ALIMENTOS ESPECIALES SA.-","empleadorIdentificacion":"80003296"},{"periodo":"2019","tipo":"1","relacionadoTipoIdentificacion":"RUC","fecha":"2019-05-19","mes":"5","id":6,"ruc":"7188231","egresoMontoTotal":553412,"relacionadoNombres":"GLADIADOR SA","relacionadoNumeroIdentificacion":"80082993","timbradoCondicion":"contado","timbradoDocumento":"001-012-0030283","timbradoNumero":"12828211","tipoEgreso":"gasto","tipoEgresoTexto":"Gasto","tipoTexto":"Factura","subtipoEgreso":"GPERS","subtipoEgresoTexto":"Gastos personales y de familiares a cargo realizados en el pa\u00eds","numeroDocumento":"001-012-0030283","cuentaNumero":"","cuentaRazonSocial":"","tipoDocumentoOtros":"","numeroDespacho":"001-012-0030283","cuentaPeriodo":"2019","cuentaEmpleador":"GLADIADOR SA","empleadorIdentificacion":"80082993"},{"periodo":"2019","tipo":"1","relacionadoTipoIdentificacion":"RUC","fecha":"2019-06-29","mes":"6","id":7,"ruc":"7188231","egresoMontoTotal":3857143,"relacionadoNombres":"INMOBILIARIA MONTECRISTO S.A.","relacionadoNumeroIdentificacion":"80099572","timbradoCondicion":"contado","timbradoDocumento":"001-002-0005692","timbradoNumero":"13263872","tipoEgreso":"gasto","tipoEgresoTexto":"Gasto","tipoTexto":"Factura","subtipoEgreso":"GPERS","subtipoEgresoTexto":"Gastos personales y de familiares a cargo realizados en el pa\u00eds","numeroDocumento":"001-002-0005692","cuentaNumero":"","cuentaRazonSocial":"","tipoDocumentoOtros":"","numeroDespacho":"001-002-0005692","cuentaPeriodo":"2019","cuentaEmpleador":"INMOBILIARIA MONTECRISTO S.A.","empleadorIdentificacion":"80099572"},{"periodo":"2019","tipo":"1","relacionadoTipoIdentificacion":"RUC","fecha":"2019-03-01","mes":"3","id":8,"ruc":"7188231","egresoMontoTotal":496750,"relacionadoNombres":"MACROMIX S.A.","relacionadoNumeroIdentificacion":"80079891","timbradoCondicion":"contado","timbradoDocumento":"001-037-0008941","timbradoNumero":"13082938","tipoEgreso":"gasto","tipoEgresoTexto":"Gasto","tipoTexto":"Factura","subtipoEgreso":"GPERS","subtipoEgresoTexto":"Gastos personales y de familiares a cargo realizados en el pa\u00eds","numeroDocumento":"001-037-0008941","cuentaNumero":"","cuentaRazonSocial":"","tipoDocumentoOtros":"","numeroDespacho":"001-037-0008941","cuentaPeriodo":"2019","cuentaEmpleador":"MACROMIX S.A.","empleadorIdentificacion":"80079891"},{"periodo":"2019","tipo":"1","relacionadoTipoIdentificacion":"RUC","fecha":"2019-06-17","mes":"6","id":9,"ruc":"7188231","egresoMontoTotal":136500,"relacionadoNombres":"LA VIENESA SA","relacionadoNumeroIdentificacion":"80025405","timbradoCondicion":"contado","timbradoDocumento":"003-005-0019505","timbradoNumero":"12993626","tipoEgreso":"gasto","tipoEgresoTexto":"Gasto","tipoTexto":"Factura","subtipoEgreso":"GPERS","subtipoEgresoTexto":"Gastos personales y de familiares a cargo realizados en el pa\u00eds","numeroDocumento":"003-005-0019505","cuentaNumero":"","cuentaRazonSocial":"","tipoDocumentoOtros":"","numeroDespacho":"003-005-0019505","cuentaPeriodo":"2019","cuentaEmpleador":"LA VIENESA SA","empleadorIdentificacion":"80025405"},{"periodo":"2019","tipo":"1","relacionadoTipoIdentificacion":"RUC","fecha":"2019-02-17","mes":"2","id":10,"ruc":"7188231","egresoMontoTotal":614017,"relacionadoNombres":"MIRAFONTE SA","relacionadoNumeroIdentificacion":"80070391","timbradoCondicion":"contado","timbradoDocumento":"001-077-0000008","timbradoNumero":"13063353","tipoEgreso":"gasto","tipoEgresoTexto":"Gasto","tipoTexto":"Factura","subtipoEgreso":"GPERS","subtipoEgresoTexto":"Gastos personales y de familiares a cargo realizados en el pa\u00eds","numeroDocumento":"001-077-0000008","cuentaNumero":"","cuentaRazonSocial":"","tipoDocumentoOtros":"","numeroDespacho":"001-077-0000008","cuentaPeriodo":"2019","cuentaEmpleador":"MIRAFONTE SA","empleadorIdentificacion":"80070391"},{"periodo":"2019","tipo":"1","relacionadoTipoIdentificacion":"RUC","fecha":"2019-04-09","mes":"4","id":11,"ruc":"7188231","egresoMontoTotal":632468,"relacionadoNombres":"ALIMENTOS ESPECIALES SA.-","relacionadoNumeroIdentificacion":"80003296","timbradoCondicion":"contado","timbradoDocumento":"006-011-0027580","timbradoNumero":"13092596","tipoEgreso":"gasto","tipoEgresoTexto":"Gasto","tipoTexto":"Factura","subtipoEgreso":"GPERS","subtipoEgresoTexto":"Gastos personales y de familiares a cargo realizados en el pa\u00eds","numeroDocumento":"006-011-0027580","cuentaNumero":"","cuentaRazonSocial":"","tipoDocumentoOtros":"","numeroDespacho":"006-011-0027580","cuentaPeriodo":"2019","cuentaEmpleador":"ALIMENTOS ESPECIALES SA.-","empleadorIdentificacion":"80003296"},{"periodo":"2019","tipo":"1","relacionadoTipoIdentificacion":"RUC","fecha":"2019-07-06","mes":"7","id":12,"ruc":"7188231","egresoMontoTotal":514500,"relacionadoNombres":"PREMIUM UNLIMITED SA","relacionadoNumeroIdentificacion":"80078512","timbradoCondicion":"contado","timbradoDocumento":"001-004-0029544","timbradoNumero":"12895243","tipoEgreso":"gasto","tipoEgresoTexto":"Gasto","tipoTexto":"Factura","subtipoEgreso":"GPERS","subtipoEgresoTexto":"Gastos personales y de familiares a cargo realizados en el pa\u00eds","numeroDocumento":"001-004-0029544","cuentaNumero":"","cuentaRazonSocial":"","tipoDocumentoOtros":"","numeroDespacho":"001-004-0029544","cuentaPeriodo":"2019","cuentaEmpleador":"PREMIUM UNLIMITED SA","empleadorIdentificacion":"80078512"},{"periodo":"2019","tipo":"1","relacionadoTipoIdentificacion":"RUC","fecha":"2019-08-29","mes":"8","id":13,"ruc":"7188231","egresoMontoTotal":2400000,"relacionadoNombres":"A & M ASOCIADOS SA","relacionadoNumeroIdentificacion":"80063919","timbradoCondicion":"contado","timbradoDocumento":"001-004-0000221","timbradoNumero":"13460855","tipoEgreso":"gasto","tipoEgresoTexto":"Gasto","tipoTexto":"Factura","subtipoEgreso":"GPERS","subtipoEgresoTexto":"Gastos personales y de familiares a cargo realizados en el pa\u00eds","numeroDocumento":"001-004-0000221","cuentaNumero":"","cuentaRazonSocial":"","tipoDocumentoOtros":"","numeroDespacho":"001-004-0000221","cuentaPeriodo":"2019","cuentaEmpleador":"A & M ASOCIADOS SA","empleadorIdentificacion":"80063919"},{"periodo":"2019","tipo":"1","relacionadoTipoIdentificacion":"RUC","fecha":"2019-02-15","mes":"2","id":14,"ruc":"7188231","egresoMontoTotal":370590,"relacionadoNombres":"MIRAFONTE SA","relacionadoNumeroIdentificacion":"80070391","timbradoCondicion":"contado","timbradoDocumento":"001-080-0006257","timbradoNumero":"13063353","tipoEgreso":"gasto","tipoEgresoTexto":"Gasto","tipoTexto":"Factura","subtipoEgreso":"GPERS","subtipoEgresoTexto":"Gastos personales y de familiares a cargo realizados en el pa\u00eds","numeroDocumento":"001-080-0006257","cuentaNumero":"","cuentaRazonSocial":"","tipoDocumentoOtros":"","numeroDespacho":"001-080-0006257","cuentaPeriodo":"2019","cuentaEmpleador":"MIRAFONTE SA","empleadorIdentificacion":"80070391"},{"periodo":"2019","tipo":"1","relacionadoTipoIdentificacion":"RUC","fecha":"2019-08-09","mes":"8","id":15,"ruc":"7188231","egresoMontoTotal":1031642,"relacionadoNombres":"RETAIL S.A.","relacionadoNumeroIdentificacion":"80016096","timbradoCondicion":"contado","timbradoDocumento":"007-038-0000703","timbradoNumero":"12983586","tipoEgreso":"gasto","tipoEgresoTexto":"Gasto","tipoTexto":"Factura","subtipoEgreso":"GPERS","subtipoEgresoTexto":"Gastos personales y de familiares a cargo realizados en el pa\u00eds","numeroDocumento":"007-038-0000703","cuentaNumero":"","cuentaRazonSocial":"","tipoDocumentoOtros":"","numeroDespacho":"007-038-0000703","cuentaPeriodo":"2019","cuentaEmpleador":"RETAIL S.A.","empleadorIdentificacion":"80016096"},{"periodo":"2019","tipo":"1","relacionadoTipoIdentificacion":"RUC","fecha":"2019-04-03","mes":"4","id":16,"ruc":"7188231","egresoMontoTotal":325639,"relacionadoNombres":"RETAIL S.A.","relacionadoNumeroIdentificacion":"80016096","timbradoCondicion":"contado","timbradoDocumento":"007-016-0081379","timbradoNumero":"12856012","tipoEgreso":"gasto","tipoEgresoTexto":"Gasto","tipoTexto":"Factura","subtipoEgreso":"GPERS","subtipoEgresoTexto":"Gastos personales y de familiares a cargo realizados en el pa\u00eds","numeroDocumento":"007-016-0081379","cuentaNumero":"","cuentaRazonSocial":"","tipoDocumentoOtros":"","numeroDespacho":"007-016-0081379","cuentaPeriodo":"2019","cuentaEmpleador":"RETAIL S.A.","empleadorIdentificacion":"80016096"},{"periodo":"2019","tipo":"1","relacionadoTipoIdentificacion":"RUC","fecha":"2019-02-13","mes":"2","id":17,"ruc":"7188231","egresoMontoTotal":286100,"relacionadoNombres":"SERVICIOS Y PRODUCTOS MULTIMEDIOS S.A.","relacionadoNumeroIdentificacion":"80062796","timbradoCondicion":"credito","timbradoDocumento":"001-008-0611715","timbradoNumero":"12608608","tipoEgreso":"gasto","tipoEgresoTexto":"Gasto","tipoTexto":"Factura","subtipoEgreso":"GPERS","subtipoEgresoTexto":"Gastos personales y de familiares a cargo realizados en el pa\u00eds","numeroDocumento":"001-008-0611715","cuentaNumero":"","cuentaRazonSocial":"","tipoDocumentoOtros":"","numeroDespacho":"001-008-0611715","cuentaPeriodo":"2019","cuentaEmpleador":"SERVICIOS Y PRODUCTOS MULTIMEDIOS S.A.","empleadorIdentificacion":"80062796"},{"periodo":"2019","tipo":"1","relacionadoTipoIdentificacion":"RUC","fecha":"2019-02-09","mes":"2","id":18,"ruc":"7188231","egresoMontoTotal":1175000,"relacionadoNombres":"A.C. DESARROLLOS GASTRONOMICOS SA","relacionadoNumeroIdentificacion":"80075922","timbradoCondicion":"contado","timbradoDocumento":"001-003-0004472","timbradoNumero":"13099544","tipoEgreso":"gasto","tipoEgresoTexto":"Gasto","tipoTexto":"Factura","subtipoEgreso":"GPERS","subtipoEgresoTexto":"Gastos personales y de familiares a cargo realizados en el pa\u00eds","numeroDocumento":"001-003-0004472","cuentaNumero":"","cuentaRazonSocial":"","tipoDocumentoOtros":"","numeroDespacho":"001-003-0004472","cuentaPeriodo":"2019","cuentaEmpleador":"A.C. DESARROLLOS GASTRONOMICOS SA","empleadorIdentificacion":"80075922"},{"periodo":"2019","tipo":"1","relacionadoTipoIdentificacion":"RUC","fecha":"2019-05-09","mes":"5","id":19,"ruc":"7188231","egresoMontoTotal":153151,"relacionadoNombres":"FASANO S.A.","relacionadoNumeroIdentificacion":"80044326","timbradoCondicion":"contado","timbradoDocumento":"002-004-0007349","timbradoNumero":"12852046","tipoEgreso":"gasto","tipoEgresoTexto":"Gasto","tipoTexto":"Factura","subtipoEgreso":"GPERS","subtipoEgresoTexto":"Gastos personales y de familiares a cargo realizados en el pa\u00eds","numeroDocumento":"002-004-0007349","cuentaNumero":"","cuentaRazonSocial":"","tipoDocumentoOtros":"","numeroDespacho":"002-004-0007349","cuentaPeriodo":"2019","cuentaEmpleador":"FASANO S.A.","empleadorIdentificacion":"80044326"},{"periodo":"2019","tipo":"1","relacionadoTipoIdentificacion":"RUC","fecha":"2019-09-23","mes":"9","id":20,"ruc":"7188231","egresoMontoTotal":63984,"relacionadoNombres":"MIRAFONTE SA","relacionadoNumeroIdentificacion":"80070391","timbradoCondicion":"contado","timbradoDocumento":"001-076-0025720","timbradoNumero":"13063353","tipoEgreso":"gasto","tipoEgresoTexto":"Gasto","tipoTexto":"Factura","subtipoEgreso":"GPERS","subtipoEgresoTexto":"Gastos personales y de familiares a cargo realizados en el pa\u00eds","numeroDocumento":"001-076-0025720","cuentaNumero":"","cuentaRazonSocial":"","tipoDocumentoOtros":"","numeroDespacho":"001-076-0025720","cuentaPeriodo":"2019","cuentaEmpleador":"MIRAFONTE SA","empleadorIdentificacion":"80070391"},{"periodo":"2019","tipo":"1","relacionadoTipoIdentificacion":"RUC","fecha":"2019-09-17","mes":"9","id":21,"ruc":"7188231","egresoMontoTotal":101045,"relacionadoNombres":"RETAIL S.A.","relacionadoNumeroIdentificacion":"80016096","timbradoCondicion":"contado","timbradoDocumento":"007-042-0008986","timbradoNumero":"12983586","tipoEgreso":"gasto","tipoEgresoTexto":"Gasto","tipoTexto":"Factura","subtipoEgreso":"GPERS","subtipoEgresoTexto":"Gastos personales y de familiares a cargo realizados en el pa\u00eds","numeroDocumento":"007-042-0008986","cuentaNumero":"","cuentaRazonSocial":"","tipoDocumentoOtros":"","numeroDespacho":"007-042-0008986","cuentaPeriodo":"2019","cuentaEmpleador":"RETAIL S.A.","empleadorIdentificacion":"80016096"},{"periodo":"2019","tipo":"1","relacionadoTipoIdentificacion":"RUC","fecha":"2019-06-07","mes":"6","id":22,"ruc":"7188231","egresoMontoTotal":65500,"relacionadoNombres":"\" C & E KA'AVO\" S.A.","relacionadoNumeroIdentificacion":"80073467","timbradoCondicion":"contado","timbradoDocumento":"001-001-0077369","timbradoNumero":"13379929","tipoEgreso":"gasto","tipoEgresoTexto":"Gasto","tipoTexto":"Factura","subtipoEgreso":"GPERS","subtipoEgresoTexto":"Gastos personales y de familiares a cargo realizados en el pa\u00eds","numeroDocumento":"001-001-0077369","cuentaNumero":"","cuentaRazonSocial":"","tipoDocumentoOtros":"","numeroDespacho":"001-001-0077369","cuentaPeriodo":"2019","cuentaEmpleador":"\" C & E KA'AVO\" S.A.","empleadorIdentificacion":"80073467"},{"periodo":"2019","tipo":"1","relacionadoTipoIdentificacion":"RUC","fecha":"2019-05-12","mes":"5","id":23,"ruc":"7188231","egresoMontoTotal":394537,"relacionadoNombres":"MIRAFONTE SA","relacionadoNumeroIdentificacion":"80070391","timbradoCondicion":"contado","timbradoDocumento":"001-083-0013434","timbradoNumero":"13063353","tipoEgreso":"gasto","tipoEgresoTexto":"Gasto","tipoTexto":"Factura","subtipoEgreso":"GPERS","subtipoEgresoTexto":"Gastos personales y de familiares a cargo realizados en el pa\u00eds","numeroDocumento":"001-083-0013434","cuentaNumero":"","cuentaRazonSocial":"","tipoDocumentoOtros":"","numeroDespacho":"001-083-0013434","cuentaPeriodo":"2019","cuentaEmpleador":"MIRAFONTE SA","empleadorIdentificacion":"80070391"},{"periodo":"2019","tipo":"1","relacionadoTipoIdentificacion":"RUC","fecha":"2019-06-11","mes":"6","id":24,"ruc":"7188231","egresoMontoTotal":1195236,"relacionadoNombres":"MIRAFONTE SA","relacionadoNumeroIdentificacion":"80070391","timbradoCondicion":"contado","timbradoDocumento":"001-076-0017858","timbradoNumero":"13063353","tipoEgreso":"gasto","tipoEgresoTexto":"Gasto","tipoTexto":"Factura","subtipoEgreso":"GPERS","subtipoEgresoTexto":"Gastos personales y de familiares a cargo realizados en el pa\u00eds","numeroDocumento":"001-076-0017858","cuentaNumero":"","cuentaRazonSocial":"","tipoDocumentoOtros":"","numeroDespacho":"001-076-0017858","cuentaPeriodo":"2019","cuentaEmpleador":"MIRAFONTE SA","empleadorIdentificacion":"80070391"},{"periodo":"2019","tipo":"1","relacionadoTipoIdentificacion":"RUC","fecha":"2019-07-09","mes":"7","id":25,"ruc":"7188231","egresoMontoTotal":110000,"relacionadoNombres":"GOTO ALVAREZ, RAUL KENYI","relacionadoNumeroIdentificacion":"2879714","timbradoCondicion":"contado","timbradoDocumento":"001-001-0004526","timbradoNumero":"13362372","tipoEgreso":"gasto","tipoEgresoTexto":"Gasto","tipoTexto":"Factura","subtipoEgreso":"GPERS","subtipoEgresoTexto":"Gastos personales y de familiares a cargo realizados en el pa\u00eds","numeroDocumento":"001-001-0004526","cuentaNumero":"","cuentaRazonSocial":"","tipoDocumentoOtros":"","numeroDespacho":"001-001-0004526","cuentaPeriodo":"2019","cuentaEmpleador":"GOTO ALVAREZ, RAUL KENYI","empleadorIdentificacion":"2879714"},{"periodo":"2019","tipo":"1","relacionadoTipoIdentificacion":"RUC","fecha":"2019-01-24","mes":"1","id":26,"ruc":"7188231","egresoMontoTotal":200000,"relacionadoNombres":"SAMSARA SRL","relacionadoNumeroIdentificacion":"80096037","timbradoCondicion":"contado","timbradoDocumento":"001-001-0006726","timbradoNumero":"13136487","tipoEgreso":"gasto","tipoEgresoTexto":"Gasto","tipoTexto":"Factura","subtipoEgreso":"GPERS","subtipoEgresoTexto":"Gastos personales y de familiares a cargo realizados en el pa\u00eds","numeroDocumento":"001-001-0006726","cuentaNumero":"","cuentaRazonSocial":"","tipoDocumentoOtros":"","numeroDespacho":"001-001-0006726","cuentaPeriodo":"2019","cuentaEmpleador":"SAMSARA SRL","empleadorIdentificacion":"80096037"},{"periodo":"2019","tipo":"1","relacionadoTipoIdentificacion":"RUC","fecha":"2019-09-22","mes":"9","id":27,"ruc":"7188231","egresoMontoTotal":1783378,"relacionadoNombres":"MIRAFONTE SA","relacionadoNumeroIdentificacion":"80070391","timbradoCondicion":"contado","timbradoDocumento":"001-078-0007584","timbradoNumero":"13063353","tipoEgreso":"gasto","tipoEgresoTexto":"Gasto","tipoTexto":"Factura","subtipoEgreso":"GPERS","subtipoEgresoTexto":"Gastos personales y de familiares a cargo realizados en el pa\u00eds","numeroDocumento":"001-078-0007584","cuentaNumero":"","cuentaRazonSocial":"","tipoDocumentoOtros":"","numeroDespacho":"001-078-0007584","cuentaPeriodo":"2019","cuentaEmpleador":"MIRAFONTE SA","empleadorIdentificacion":"80070391"},{"periodo":"2019","tipo":"1","relacionadoTipoIdentificacion":"RUC","fecha":"2019-01-31","mes":"1","id":28,"ruc":"7188231","egresoMontoTotal":1305000,"relacionadoNombres":"INMOBILIARIA MONTECRISTO S.A.","relacionadoNumeroIdentificacion":"80099572","timbradoCondicion":"contado","timbradoDocumento":"001-002-0003696","timbradoNumero":"12844379","tipoEgreso":"gasto","tipoEgresoTexto":"Gasto","tipoTexto":"Factura","subtipoEgreso":"GPERS","subtipoEgresoTexto":"Gastos personales y de familiares a cargo realizados en el pa\u00eds","numeroDocumento":"001-002-0003696","cuentaNumero":"","cuentaRazonSocial":"","tipoDocumentoOtros":"","numeroDespacho":"001-002-0003696","cuentaPeriodo":"2019","cuentaEmpleador":"INMOBILIARIA MONTECRISTO S.A.","empleadorIdentificacion":"80099572"},{"periodo":"2019","tipo":"1","relacionadoTipoIdentificacion":"RUC","fecha":"2019-07-04","mes":"7","id":29,"ruc":"7188231","egresoMontoTotal":374494,"relacionadoNombres":"ALIMENTOS ESPECIALES SA.-","relacionadoNumeroIdentificacion":"80003296","timbradoCondicion":"contado","timbradoDocumento":"006-011-0045620","timbradoNumero":"13092596","tipoEgreso":"gasto","tipoEgresoTexto":"Gasto","tipoTexto":"Factura","subtipoEgreso":"GPERS","subtipoEgresoTexto":"Gastos personales y de familiares a cargo realizados en el pa\u00eds","numeroDocumento":"006-011-0045620","cuentaNumero":"","cuentaRazonSocial":"","tipoDocumentoOtros":"","numeroDespacho":"006-011-0045620","cuentaPeriodo":"2019","cuentaEmpleador":"ALIMENTOS ESPECIALES SA.-","empleadorIdentificacion":"80003296"},{"periodo":"2019","tipo":"1","relacionadoTipoIdentificacion":"RUC","fecha":"2019-06-29","mes":"6","id":30,"ruc":"7188231","egresoMontoTotal":117800,"relacionadoNombres":"AERO STORE PY SRL","relacionadoNumeroIdentificacion":"80102883","timbradoCondicion":"contado","timbradoDocumento":"001-001-0000165","timbradoNumero":"12927659","tipoEgreso":"gasto","tipoEgresoTexto":"Gasto","tipoTexto":"Factura","subtipoEgreso":"GPERS","subtipoEgresoTexto":"Gastos personales y de familiares a cargo realizados en el pa\u00eds","numeroDocumento":"001-001-0000165","cuentaNumero":"","cuentaRazonSocial":"","tipoDocumentoOtros":"","numeroDespacho":"001-001-0000165","cuentaPeriodo":"2019","cuentaEmpleador":"AERO STORE PY SRL","empleadorIdentificacion":"80102883"},{"periodo":"2019","tipo":"1","relacionadoTipoIdentificacion":"RUC","fecha":"2019-04-28","mes":"4","id":31,"ruc":"7188231","egresoMontoTotal":255000,"relacionadoNombres":"YENTZCH MARTINEZ, STIVEN DANIEL","relacionadoNumeroIdentificacion":"4308167","timbradoCondicion":"contado","timbradoDocumento":"002-001-0001390","timbradoNumero":"13258016","tipoEgreso":"gasto","tipoEgresoTexto":"Gasto","tipoTexto":"Factura","subtipoEgreso":"GPERS","subtipoEgresoTexto":"Gastos personales y de familiares a cargo realizados en el pa\u00eds","numeroDocumento":"002-001-0001390","cuentaNumero":"","cuentaRazonSocial":"","tipoDocumentoOtros":"","numeroDespacho":"002-001-0001390","cuentaPeriodo":"2019","cuentaEmpleador":"YENTZCH MARTINEZ, STIVEN DANIEL","empleadorIdentificacion":"4308167"},{"periodo":"2019","tipo":"1","relacionadoTipoIdentificacion":"RUC","fecha":"2019-06-23","mes":"6","id":32,"ruc":"7188231","egresoMontoTotal":378418,"relacionadoNombres":"MIRAFONTE SA","relacionadoNumeroIdentificacion":"80070391","timbradoCondicion":"contado","timbradoDocumento":"001-072-0015758","timbradoNumero":"13063353","tipoEgreso":"gasto","tipoEgresoTexto":"Gasto","tipoTexto":"Factura","subtipoEgreso":"GPERS","subtipoEgresoTexto":"Gastos personales y de familiares a cargo realizados en el pa\u00eds","numeroDocumento":"001-072-0015758","cuentaNumero":"","cuentaRazonSocial":"","tipoDocumentoOtros":"","numeroDespacho":"001-072-0015758","cuentaPeriodo":"2019","cuentaEmpleador":"MIRAFONTE SA","empleadorIdentificacion":"80070391"},{"periodo":"2019","tipo":"1","relacionadoTipoIdentificacion":"RUC","fecha":"2019-02-18","mes":"2","id":33,"ruc":"7188231","egresoMontoTotal":526000,"relacionadoNombres":"PREMIUM UNLIMITED SA","relacionadoNumeroIdentificacion":"80078512","timbradoCondicion":"contado","timbradoDocumento":"001-005-0008544","timbradoNumero":"12895243","tipoEgreso":"gasto","tipoEgresoTexto":"Gasto","tipoTexto":"Factura","subtipoEgreso":"GPERS","subtipoEgresoTexto":"Gastos personales y de familiares a cargo realizados en el pa\u00eds","numeroDocumento":"001-005-0008544","cuentaNumero":"","cuentaRazonSocial":"","tipoDocumentoOtros":"","numeroDespacho":"001-005-0008544","cuentaPeriodo":"2019","cuentaEmpleador":"PREMIUM UNLIMITED SA","empleadorIdentificacion":"80078512"},{"periodo":"2019","tipo":"1","relacionadoTipoIdentificacion":"RUC","fecha":"2019-02-20","mes":"2","id":34,"ruc":"7188231","egresoMontoTotal":6000000,"relacionadoNombres":"A & M ASOCIADOS SA","relacionadoNumeroIdentificacion":"80063919","timbradoCondicion":"contado","timbradoDocumento":"001-004-0000152","timbradoNumero":"12823082","tipoEgreso":"gasto","tipoEgresoTexto":"Gasto","tipoTexto":"Factura","subtipoEgreso":"GPERS","subtipoEgresoTexto":"Gastos personales y de familiares a cargo realizados en el pa\u00eds","numeroDocumento":"001-004-0000152","cuentaNumero":"","cuentaRazonSocial":"","tipoDocumentoOtros":"","numeroDespacho":"001-004-0000152","cuentaPeriodo":"2019","cuentaEmpleador":"A & M ASOCIADOS SA","empleadorIdentificacion":"80063919"},{"periodo":"2019","tipo":"1","relacionadoTipoIdentificacion":"RUC","fecha":"2019-05-16","mes":"5","id":35,"ruc":"7188231","egresoMontoTotal":749543,"relacionadoNombres":"RETAIL S.A.","relacionadoNumeroIdentificacion":"80016096","timbradoCondicion":"contado","timbradoDocumento":"007-002-0043341","timbradoNumero":"12856012","tipoEgreso":"gasto","tipoEgresoTexto":"Gasto","tipoTexto":"Factura","subtipoEgreso":"GPERS","subtipoEgresoTexto":"Gastos personales y de familiares a cargo realizados en el pa\u00eds","numeroDocumento":"007-002-0043341","cuentaNumero":"","cuentaRazonSocial":"","tipoDocumentoOtros":"","numeroDespacho":"007-002-0043341","cuentaPeriodo":"2019","cuentaEmpleador":"RETAIL S.A.","empleadorIdentificacion":"80016096"},{"periodo":"2019","tipo":"1","relacionadoTipoIdentificacion":"RUC","fecha":"2019-02-05","mes":"2","id":36,"ruc":"7188231","egresoMontoTotal":345000,"relacionadoNombres":"PREMIUM UNLIMITED SA","relacionadoNumeroIdentificacion":"80078512","timbradoCondicion":"contado","timbradoDocumento":"001-004-0018209","timbradoNumero":"12895243","tipoEgreso":"gasto","tipoEgresoTexto":"Gasto","tipoTexto":"Factura","subtipoEgreso":"GPERS","subtipoEgresoTexto":"Gastos personales y de familiares a cargo realizados en el pa\u00eds","numeroDocumento":"001-004-0018209","cuentaNumero":"","cuentaRazonSocial":"","tipoDocumentoOtros":"","numeroDespacho":"001-004-0018209","cuentaPeriodo":"2019","cuentaEmpleador":"PREMIUM UNLIMITED SA","empleadorIdentificacion":"80078512"},{"periodo":"2019","tipo":"1","relacionadoTipoIdentificacion":"RUC","fecha":"2019-08-13","mes":"8","id":37,"ruc":"7188231","egresoMontoTotal":410000,"relacionadoNombres":"OLIER SA","relacionadoNumeroIdentificacion":"80026692","timbradoCondicion":"contado","timbradoDocumento":"014-001-0013269","timbradoNumero":"13517964","tipoEgreso":"gasto","tipoEgresoTexto":"Gasto","tipoTexto":"Factura","subtipoEgreso":"GPERS","subtipoEgresoTexto":"Gastos personales y de familiares a cargo realizados en el pa\u00eds","numeroDocumento":"014-001-0013269","cuentaNumero":"","cuentaRazonSocial":"","tipoDocumentoOtros":"","numeroDespacho":"014-001-0013269","cuentaPeriodo":"2019","cuentaEmpleador":"OLIER SA","empleadorIdentificacion":"80026692"},{"periodo":"2019","tipo":"1","relacionadoTipoIdentificacion":"RUC","fecha":"2019-09-30","mes":"9","id":38,"ruc":"7188231","egresoMontoTotal":85000,"relacionadoNombres":"BFJ S.A.","relacionadoNumeroIdentificacion":"80092105","timbradoCondicion":"contado","timbradoDocumento":"001-001-0035881","timbradoNumero":"13422764","tipoEgreso":"gasto","tipoEgresoTexto":"Gasto","tipoTexto":"Factura","subtipoEgreso":"GPERS","subtipoEgresoTexto":"Gastos personales y de familiares a cargo realizados en el pa\u00eds","numeroDocumento":"001-001-0035881","cuentaNumero":"","cuentaRazonSocial":"","tipoDocumentoOtros":"","numeroDespacho":"001-001-0035881","cuentaPeriodo":"2019","cuentaEmpleador":"BFJ S.A.","empleadorIdentificacion":"80092105"},{"periodo":"2019","tipo":"1","relacionadoTipoIdentificacion":"RUC","fecha":"2019-05-18","mes":"5","id":39,"ruc":"7188231","egresoMontoTotal":174000,"relacionadoNombres":"FASANO S.A.","relacionadoNumeroIdentificacion":"80044326","timbradoCondicion":"contado","timbradoDocumento":"001-011-0022930","timbradoNumero":"12852046","tipoEgreso":"gasto","tipoEgresoTexto":"Gasto","tipoTexto":"Factura","subtipoEgreso":"GPERS","subtipoEgresoTexto":"Gastos personales y de familiares a cargo realizados en el pa\u00eds","numeroDocumento":"001-011-0022930","cuentaNumero":"","cuentaRazonSocial":"","tipoDocumentoOtros":"","numeroDespacho":"001-011-0022930","cuentaPeriodo":"2019","cuentaEmpleador":"FASANO S.A.","empleadorIdentificacion":"80044326"},{"periodo":"2019","tipo":"1","relacionadoTipoIdentificacion":"RUC","fecha":"2019-06-19","mes":"6","id":40,"ruc":"7188231","egresoMontoTotal":1320384,"relacionadoNombres":"OPTIMA S.A.","relacionadoNumeroIdentificacion":"80019658","timbradoCondicion":"contado","timbradoDocumento":"008-001-0002110","timbradoNumero":"12917190","tipoEgreso":"gasto","tipoEgresoTexto":"Gasto","tipoTexto":"Factura","subtipoEgreso":"GPERS","subtipoEgresoTexto":"Gastos personales y de familiares a cargo realizados en el pa\u00eds","numeroDocumento":"008-001-0002110","cuentaNumero":"","cuentaRazonSocial":"","tipoDocumentoOtros":"","numeroDespacho":"008-001-0002110","cuentaPeriodo":"2019","cuentaEmpleador":"OPTIMA S.A.","empleadorIdentificacion":"80019658"},{"periodo":"2019","tipo":"1","relacionadoTipoIdentificacion":"RUC","fecha":"2019-09-30","mes":"9","id":41,"ruc":"7188231","egresoMontoTotal":3927000,"relacionadoNombres":"INMOBILIARIA MONTECRISTO S.A.","relacionadoNumeroIdentificacion":"80099572","timbradoCondicion":"contado","timbradoDocumento":"001-002-0007341","timbradoNumero":"13627485","tipoEgreso":"gasto","tipoEgresoTexto":"Gasto","tipoTexto":"Factura","subtipoEgreso":"GPERS","subtipoEgresoTexto":"Gastos personales y de familiares a cargo realizados en el pa\u00eds","numeroDocumento":"001-002-0007341","cuentaNumero":"","cuentaRazonSocial":"","tipoDocumentoOtros":"","numeroDespacho":"001-002-0007341","cuentaPeriodo":"2019","cuentaEmpleador":"INMOBILIARIA MONTECRISTO S.A.","empleadorIdentificacion":"80099572"},{"periodo":"2019","tipo":"1","relacionadoTipoIdentificacion":"RUC","fecha":"2019-01-30","mes":"1","id":42,"ruc":"7188231","egresoMontoTotal":1131656,"relacionadoNombres":"MIRAFONTE SA","relacionadoNumeroIdentificacion":"80070391","timbradoCondicion":"contado","timbradoDocumento":"001-083-0005992","timbradoNumero":"13063353","tipoEgreso":"gasto","tipoEgresoTexto":"Gasto","tipoTexto":"Factura","subtipoEgreso":"GPERS","subtipoEgresoTexto":"Gastos personales y de familiares a cargo realizados en el pa\u00eds","numeroDocumento":"001-083-0005992","cuentaNumero":"","cuentaRazonSocial":"","tipoDocumentoOtros":"","numeroDespacho":"001-083-0005992","cuentaPeriodo":"2019","cuentaEmpleador":"MIRAFONTE SA","empleadorIdentificacion":"80070391"},{"periodo":"2019","tipo":"1","relacionadoTipoIdentificacion":"RUC","fecha":"2019-03-28","mes":"3","id":43,"ruc":"7188231","egresoMontoTotal":489091,"relacionadoNombres":"DIAZ GILL MEDICINA LABORATORIAL SA","relacionadoNumeroIdentificacion":"80011311","timbradoCondicion":"contado","timbradoDocumento":"005-001-0023577","timbradoNumero":"13013274","tipoEgreso":"gasto","tipoEgresoTexto":"Gasto","tipoTexto":"Factura","subtipoEgreso":"GPERS","subtipoEgresoTexto":"Gastos personales y de familiares a cargo realizados en el pa\u00eds","numeroDocumento":"005-001-0023577","cuentaNumero":"","cuentaRazonSocial":"","tipoDocumentoOtros":"","numeroDespacho":"005-001-0023577","cuentaPeriodo":"2019","cuentaEmpleador":"DIAZ GILL MEDICINA LABORATORIAL SA","empleadorIdentificacion":"80011311"},{"periodo":"2019","tipo":"1","relacionadoTipoIdentificacion":"RUC","fecha":"2019-02-23","mes":"2","id":44,"ruc":"7188231","egresoMontoTotal":1205623,"relacionadoNombres":"MIRAFONTE SA","relacionadoNumeroIdentificacion":"80070391","timbradoCondicion":"contado","timbradoDocumento":"001-071-0007504","timbradoNumero":"13063353","tipoEgreso":"gasto","tipoEgresoTexto":"Gasto","tipoTexto":"Factura","subtipoEgreso":"GPERS","subtipoEgresoTexto":"Gastos personales y de familiares a cargo realizados en el pa\u00eds","numeroDocumento":"001-071-0007504","cuentaNumero":"","cuentaRazonSocial":"","tipoDocumentoOtros":"","numeroDespacho":"001-071-0007504","cuentaPeriodo":"2019","cuentaEmpleador":"MIRAFONTE SA","empleadorIdentificacion":"80070391"},{"periodo":"2019","tipo":"1","relacionadoTipoIdentificacion":"RUC","fecha":"2019-02-14","mes":"2","id":45,"ruc":"7188231","egresoMontoTotal":300000,"relacionadoNombres":"FASANO S.A.","relacionadoNumeroIdentificacion":"80044326","timbradoCondicion":"contado","timbradoDocumento":"001-008-0015700","timbradoNumero":"12852046","tipoEgreso":"gasto","tipoEgresoTexto":"Gasto","tipoTexto":"Factura","subtipoEgreso":"GPERS","subtipoEgresoTexto":"Gastos personales y de familiares a cargo realizados en el pa\u00eds","numeroDocumento":"001-008-0015700","cuentaNumero":"","cuentaRazonSocial":"","tipoDocumentoOtros":"","numeroDespacho":"001-008-0015700","cuentaPeriodo":"2019","cuentaEmpleador":"FASANO S.A.","empleadorIdentificacion":"80044326"},{"periodo":"2019","tipo":"1","relacionadoTipoIdentificacion":"RUC","fecha":"2019-07-03","mes":"7","id":46,"ruc":"7188231","egresoMontoTotal":266000,"relacionadoNombres":"LAS 7 JOYAS SRL","relacionadoNumeroIdentificacion":"80094991","timbradoCondicion":"contado","timbradoDocumento":"002-002-0008822","timbradoNumero":"13168572","tipoEgreso":"gasto","tipoEgresoTexto":"Gasto","tipoTexto":"Factura","subtipoEgreso":"GPERS","subtipoEgresoTexto":"Gastos personales y de familiares a cargo realizados en el pa\u00eds","numeroDocumento":"002-002-0008822","cuentaNumero":"","cuentaRazonSocial":"","tipoDocumentoOtros":"","numeroDespacho":"002-002-0008822","cuentaPeriodo":"2019","cuentaEmpleador":"LAS 7 JOYAS SRL","empleadorIdentificacion":"80094991"},{"periodo":"2019","tipo":"1","relacionadoTipoIdentificacion":"RUC","fecha":"2019-03-27","mes":"3","id":47,"ruc":"7188231","egresoMontoTotal":886812,"relacionadoNombres":"RETAIL S.A.","relacionadoNumeroIdentificacion":"80016096","timbradoCondicion":"contado","timbradoDocumento":"007-004-0040307","timbradoNumero":"12856012","tipoEgreso":"gasto","tipoEgresoTexto":"Gasto","tipoTexto":"Factura","subtipoEgreso":"GPERS","subtipoEgresoTexto":"Gastos personales y de familiares a cargo realizados en el pa\u00eds","numeroDocumento":"007-004-0040307","cuentaNumero":"","cuentaRazonSocial":"","tipoDocumentoOtros":"","numeroDespacho":"007-004-0040307","cuentaPeriodo":"2019","cuentaEmpleador":"RETAIL S.A.","empleadorIdentificacion":"80016096"},{"periodo":"2019","tipo":"1","relacionadoTipoIdentificacion":"RUC","fecha":"2019-07-04","mes":"7","id":48,"ruc":"7188231","egresoMontoTotal":36000,"relacionadoNombres":"FARMA S.A.","relacionadoNumeroIdentificacion":"80022877","timbradoCondicion":"contado","timbradoDocumento":"091-001-0063143","timbradoNumero":"12828649","tipoEgreso":"gasto","tipoEgresoTexto":"Gasto","tipoTexto":"Factura","subtipoEgreso":"GPERS","subtipoEgresoTexto":"Gastos personales y de familiares a cargo realizados en el pa\u00eds","numeroDocumento":"091-001-0063143","cuentaNumero":"","cuentaRazonSocial":"","tipoDocumentoOtros":"","numeroDespacho":"091-001-0063143","cuentaPeriodo":"2019","cuentaEmpleador":"FARMA S.A.","empleadorIdentificacion":"80022877"},{"periodo":"2019","tipo":"1","relacionadoTipoIdentificacion":"RUC","fecha":"2019-06-21","mes":"6","id":49,"ruc":"7188231","egresoMontoTotal":142860,"relacionadoNombres":"FASANO S.A.","relacionadoNumeroIdentificacion":"80044326","timbradoCondicion":"contado","timbradoDocumento":"001-010-0029925","timbradoNumero":"12852046","tipoEgreso":"gasto","tipoEgresoTexto":"Gasto","tipoTexto":"Factura","subtipoEgreso":"GPERS","subtipoEgresoTexto":"Gastos personales y de familiares a cargo realizados en el pa\u00eds","numeroDocumento":"001-010-0029925","cuentaNumero":"","cuentaRazonSocial":"","tipoDocumentoOtros":"","numeroDespacho":"001-010-0029925","cuentaPeriodo":"2019","cuentaEmpleador":"FASANO S.A.","empleadorIdentificacion":"80044326"},{"periodo":"2019","tipo":"1","relacionadoTipoIdentificacion":"RUC","fecha":"2019-01-31","mes":"1","id":50,"ruc":"7188231","egresoMontoTotal":1412557,"relacionadoNombres":"INMOBILIARIA MONTECRISTO S.A.","relacionadoNumeroIdentificacion":"80099572","timbradoCondicion":"contado","timbradoDocumento":"001-002-0003693","timbradoNumero":"12844379","tipoEgreso":"gasto","tipoEgresoTexto":"Gasto","tipoTexto":"Factura","subtipoEgreso":"GPERS","subtipoEgresoTexto":"Gastos personales y de familiares a cargo realizados en el pa\u00eds","numeroDocumento":"001-002-0003693","cuentaNumero":"","cuentaRazonSocial":"","tipoDocumentoOtros":"","numeroDespacho":"001-002-0003693","cuentaPeriodo":"2019","cuentaEmpleador":"INMOBILIARIA MONTECRISTO S.A.","empleadorIdentificacion":"80099572"},{"periodo":"2019","tipo":"1","relacionadoTipoIdentificacion":"RUC","fecha":"2019-01-26","mes":"1","id":51,"ruc":"7188231","egresoMontoTotal":120000,"relacionadoNombres":"MOVA S.A.","relacionadoNumeroIdentificacion":"80089947","timbradoCondicion":"contado","timbradoDocumento":"001-002-0031253","timbradoNumero":"13177762","tipoEgreso":"gasto","tipoEgresoTexto":"Gasto","tipoTexto":"Factura","subtipoEgreso":"GPERS","subtipoEgresoTexto":"Gastos personales y de familiares a cargo realizados en el pa\u00eds","numeroDocumento":"001-002-0031253","cuentaNumero":"","cuentaRazonSocial":"","tipoDocumentoOtros":"","numeroDespacho":"001-002-0031253","cuentaPeriodo":"2019","cuentaEmpleador":"MOVA S.A.","empleadorIdentificacion":"80089947"},{"periodo":"2019","tipo":"1","relacionadoTipoIdentificacion":"RUC","fecha":"2019-09-18","mes":"9","id":52,"ruc":"7188231","egresoMontoTotal":114286,"relacionadoNombres":"FARMA S.A.","relacionadoNumeroIdentificacion":"80022877","timbradoCondicion":"contado","timbradoDocumento":"021-001-0005813","timbradoNumero":"13548455","tipoEgreso":"gasto","tipoEgresoTexto":"Gasto","tipoTexto":"Factura","subtipoEgreso":"GPERS","subtipoEgresoTexto":"Gastos personales y de familiares a cargo realizados en el pa\u00eds","numeroDocumento":"021-001-0005813","cuentaNumero":"","cuentaRazonSocial":"","tipoDocumentoOtros":"","numeroDespacho":"021-001-0005813","cuentaPeriodo":"2019","cuentaEmpleador":"FARMA S.A.","empleadorIdentificacion":"80022877"},{"periodo":"2019","tipo":"1","relacionadoTipoIdentificacion":"RUC","fecha":"2019-09-28","mes":"9","id":53,"ruc":"7188231","egresoMontoTotal":1043398,"relacionadoNombres":"RETAIL S.A.","relacionadoNumeroIdentificacion":"80016096","timbradoCondicion":"contado","timbradoDocumento":"016-046-0007753","timbradoNumero":"12983586","tipoEgreso":"gasto","tipoEgresoTexto":"Gasto","tipoTexto":"Factura","subtipoEgreso":"GPERS","subtipoEgresoTexto":"Gastos personales y de familiares a cargo realizados en el pa\u00eds","numeroDocumento":"016-046-0007753","cuentaNumero":"","cuentaRazonSocial":"","tipoDocumentoOtros":"","numeroDespacho":"016-046-0007753","cuentaPeriodo":"2019","cuentaEmpleador":"RETAIL S.A.","empleadorIdentificacion":"80016096"},{"periodo":"2019","tipo":"1","relacionadoTipoIdentificacion":"RUC","fecha":"2019-04-06","mes":"4","id":54,"ruc":"7188231","egresoMontoTotal":162316,"relacionadoNombres":"FASANO S.A.","relacionadoNumeroIdentificacion":"80044326","timbradoCondicion":"contado","timbradoDocumento":"001-006-0017382","timbradoNumero":"12852046","tipoEgreso":"gasto","tipoEgresoTexto":"Gasto","tipoTexto":"Factura","subtipoEgreso":"GPERS","subtipoEgresoTexto":"Gastos personales y de familiares a cargo realizados en el pa\u00eds","numeroDocumento":"001-006-0017382","cuentaNumero":"","cuentaRazonSocial":"","tipoDocumentoOtros":"","numeroDespacho":"001-006-0017382","cuentaPeriodo":"2019","cuentaEmpleador":"FASANO S.A.","empleadorIdentificacion":"80044326"},{"periodo":"2019","tipo":"1","relacionadoTipoIdentificacion":"RUC","fecha":"2019-03-28","mes":"3","id":55,"ruc":"7188231","egresoMontoTotal":193636,"relacionadoNombres":"MEDICINA COMPUTARIZADA PARAGUAYA S.A.-MECOMPA S.A.","relacionadoNumeroIdentificacion":"80004221","timbradoCondicion":"contado","timbradoDocumento":"001-001-0040584","timbradoNumero":"13207638","tipoEgreso":"gasto","tipoEgresoTexto":"Gasto","tipoTexto":"Factura","subtipoEgreso":"GPERS","subtipoEgresoTexto":"Gastos personales y de familiares a cargo realizados en el pa\u00eds","numeroDocumento":"001-001-0040584","cuentaNumero":"","cuentaRazonSocial":"","tipoDocumentoOtros":"","numeroDespacho":"001-001-0040584","cuentaPeriodo":"2019","cuentaEmpleador":"MEDICINA COMPUTARIZADA PARAGUAYA S.A.-MECOMPA S.A.","empleadorIdentificacion":"80004221"},{"periodo":"2019","tipo":"1","relacionadoTipoIdentificacion":"RUC","fecha":"2019-09-28","mes":"9","id":56,"ruc":"7188231","egresoMontoTotal":231500,"relacionadoNombres":"FERREVENTAS S.A.","relacionadoNumeroIdentificacion":"80084077","timbradoCondicion":"contado","timbradoDocumento":"004-002-0014453","timbradoNumero":"12905099","tipoEgreso":"gasto","tipoEgresoTexto":"Gasto","tipoTexto":"Factura","subtipoEgreso":"GPERS","subtipoEgresoTexto":"Gastos personales y de familiares a cargo realizados en el pa\u00eds","numeroDocumento":"004-002-0014453","cuentaNumero":"","cuentaRazonSocial":"","tipoDocumentoOtros":"","numeroDespacho":"004-002-0014453","cuentaPeriodo":"2019","cuentaEmpleador":"FERREVENTAS S.A.","empleadorIdentificacion":"80084077"},{"periodo":"2019","tipo":"1","relacionadoTipoIdentificacion":"RUC","fecha":"2019-03-28","mes":"3","id":57,"ruc":"7188231","egresoMontoTotal":109091,"relacionadoNombres":"CENTRO AUDITIVO SRL","relacionadoNumeroIdentificacion":"80013553","timbradoCondicion":"contado","timbradoDocumento":"001-001-0075957","timbradoNumero":"13095434","tipoEgreso":"gasto","tipoEgresoTexto":"Gasto","tipoTexto":"Factura","subtipoEgreso":"GPERS","subtipoEgresoTexto":"Gastos personales y de familiares a cargo realizados en el pa\u00eds","numeroDocumento":"001-001-0075957","cuentaNumero":"","cuentaRazonSocial":"","tipoDocumentoOtros":"","numeroDespacho":"001-001-0075957","cuentaPeriodo":"2019","cuentaEmpleador":"CENTRO AUDITIVO SRL","empleadorIdentificacion":"80013553"},{"periodo":"2019","tipo":"1","relacionadoTipoIdentificacion":"RUC","fecha":"2019-02-01","mes":"2","id":58,"ruc":"7188231","egresoMontoTotal":1523855,"relacionadoNombres":"RETAIL S.A.","relacionadoNumeroIdentificacion":"80016096","timbradoCondicion":"contado","timbradoDocumento":"007-012-0043254","timbradoNumero":"12856012","tipoEgreso":"gasto","tipoEgresoTexto":"Gasto","tipoTexto":"Factura","subtipoEgreso":"GPERS","subtipoEgresoTexto":"Gastos personales y de familiares a cargo realizados en el pa\u00eds","numeroDocumento":"007-012-0043254","cuentaNumero":"","cuentaRazonSocial":"","tipoDocumentoOtros":"","numeroDespacho":"007-012-0043254","cuentaPeriodo":"2019","cuentaEmpleador":"RETAIL S.A.","empleadorIdentificacion":"80016096"},{"periodo":"2019","tipo":"1","relacionadoTipoIdentificacion":"RUC","fecha":"2019-03-27","mes":"3","id":59,"ruc":"7188231","egresoMontoTotal":496000,"relacionadoNombres":"PREMIUM UNLIMITED SA","relacionadoNumeroIdentificacion":"80078512","timbradoCondicion":"contado","timbradoDocumento":"001-004-0021878","timbradoNumero":"12895243","tipoEgreso":"gasto","tipoEgresoTexto":"Gasto","tipoTexto":"Factura","subtipoEgreso":"GPERS","subtipoEgresoTexto":"Gastos personales y de familiares a cargo realizados en el pa\u00eds","numeroDocumento":"001-004-0021878","cuentaNumero":"","cuentaRazonSocial":"","tipoDocumentoOtros":"","numeroDespacho":"001-004-0021878","cuentaPeriodo":"2019","cuentaEmpleador":"PREMIUM UNLIMITED SA","empleadorIdentificacion":"80078512"},{"periodo":"2019","tipo":"1","relacionadoTipoIdentificacion":"RUC","fecha":"2019-01-19","mes":"1","id":60,"ruc":"7188231","egresoMontoTotal":94741,"relacionadoNombres":"RETAIL S.A.","relacionadoNumeroIdentificacion":"80016096","timbradoCondicion":"contado","timbradoDocumento":"007-012-0040077","timbradoNumero":"12856012","tipoEgreso":"gasto","tipoEgresoTexto":"Gasto","tipoTexto":"Factura","subtipoEgreso":"GPERS","subtipoEgresoTexto":"Gastos personales y de familiares a cargo realizados en el pa\u00eds","numeroDocumento":"007-012-0040077","cuentaNumero":"","cuentaRazonSocial":"","tipoDocumentoOtros":"","numeroDespacho":"007-012-0040077","cuentaPeriodo":"2019","cuentaEmpleador":"RETAIL S.A.","empleadorIdentificacion":"80016096"},{"periodo":"2019","tipo":"1","relacionadoTipoIdentificacion":"RUC","fecha":"2019-06-13","mes":"6","id":61,"ruc":"7188231","egresoMontoTotal":310000,"relacionadoNombres":"\" C & E KA'AVO\" S.A.","relacionadoNumeroIdentificacion":"80073467","timbradoCondicion":"contado","timbradoDocumento":"001-001-0075068","timbradoNumero":"13379929","tipoEgreso":"gasto","tipoEgresoTexto":"Gasto","tipoTexto":"Factura","subtipoEgreso":"GPERS","subtipoEgresoTexto":"Gastos personales y de familiares a cargo realizados en el pa\u00eds","numeroDocumento":"001-001-0075068","cuentaNumero":"","cuentaRazonSocial":"","tipoDocumentoOtros":"","numeroDespacho":"001-001-0075068","cuentaPeriodo":"2019","cuentaEmpleador":"\" C & E KA'AVO\" S.A.","empleadorIdentificacion":"80073467"},{"periodo":"2019","tipo":"1","relacionadoTipoIdentificacion":"RUC","fecha":"2019-07-05","mes":"7","id":62,"ruc":"7188231","egresoMontoTotal":230000,"relacionadoNombres":"PE\u00d1A ROS, KAREN LUCIA","relacionadoNumeroIdentificacion":"656289","timbradoCondicion":"contado","timbradoDocumento":"002-001-0000150","timbradoNumero":"13264987","tipoEgreso":"gasto","tipoEgresoTexto":"Gasto","tipoTexto":"Factura","subtipoEgreso":"GPERS","subtipoEgresoTexto":"Gastos personales y de familiares a cargo realizados en el pa\u00eds","numeroDocumento":"002-001-0000150","cuentaNumero":"","cuentaRazonSocial":"","tipoDocumentoOtros":"","numeroDespacho":"002-001-0000150","cuentaPeriodo":"2019","cuentaEmpleador":"PE\u00d1A ROS, KAREN LUCIA","empleadorIdentificacion":"656289"},{"periodo":"2019","tipo":"1","relacionadoTipoIdentificacion":"RUC","fecha":"2019-06-20","mes":"6","id":63,"ruc":"7188231","egresoMontoTotal":1515334,"relacionadoNombres":"RETAIL S.A.","relacionadoNumeroIdentificacion":"80016096","timbradoCondicion":"contado","timbradoDocumento":"007-014-0073419","timbradoNumero":"12856012","tipoEgreso":"gasto","tipoEgresoTexto":"Gasto","tipoTexto":"Factura","subtipoEgreso":"GPERS","subtipoEgresoTexto":"Gastos personales y de familiares a cargo realizados en el pa\u00eds","numeroDocumento":"007-014-0073419","cuentaNumero":"","cuentaRazonSocial":"","tipoDocumentoOtros":"","numeroDespacho":"007-014-0073419","cuentaPeriodo":"2019","cuentaEmpleador":"RETAIL S.A.","empleadorIdentificacion":"80016096"},{"periodo":"2019","tipo":"1","relacionadoTipoIdentificacion":"RUC","fecha":"2019-02-08","mes":"2","id":64,"ruc":"7188231","egresoMontoTotal":140000,"relacionadoNombres":"SAMSARA SRL","relacionadoNumeroIdentificacion":"80096037","timbradoCondicion":"contado","timbradoDocumento":"001-001-0006916","timbradoNumero":"13136487","tipoEgreso":"gasto","tipoEgresoTexto":"Gasto","tipoTexto":"Factura","subtipoEgreso":"GPERS","subtipoEgresoTexto":"Gastos personales y de familiares a cargo realizados en el pa\u00eds","numeroDocumento":"001-001-0006916","cuentaNumero":"","cuentaRazonSocial":"","tipoDocumentoOtros":"","numeroDespacho":"001-001-0006916","cuentaPeriodo":"2019","cuentaEmpleador":"SAMSARA SRL","empleadorIdentificacion":"80096037"},{"periodo":"2019","tipo":"1","relacionadoTipoIdentificacion":"RUC","fecha":"2019-07-06","mes":"7","id":65,"ruc":"7188231","egresoMontoTotal":392874,"relacionadoNombres":"RETAIL S.A.","relacionadoNumeroIdentificacion":"80016096","timbradoCondicion":"contado","timbradoDocumento":"007-011-0088191","timbradoNumero":"12856012","tipoEgreso":"gasto","tipoEgresoTexto":"Gasto","tipoTexto":"Factura","subtipoEgreso":"GPERS","subtipoEgresoTexto":"Gastos personales y de familiares a cargo realizados en el pa\u00eds","numeroDocumento":"007-011-0088191","cuentaNumero":"","cuentaRazonSocial":"","tipoDocumentoOtros":"","numeroDespacho":"007-011-0088191","cuentaPeriodo":"2019","cuentaEmpleador":"RETAIL S.A.","empleadorIdentificacion":"80016096"},{"periodo":"2019","tipo":"1","relacionadoTipoIdentificacion":"RUC","fecha":"2019-06-04","mes":"6","id":66,"ruc":"7188231","egresoMontoTotal":140000,"relacionadoNombres":"SAMSARA SRL","relacionadoNumeroIdentificacion":"80096037","timbradoCondicion":"contado","timbradoDocumento":"001-001-0008414","timbradoNumero":"13431451","tipoEgreso":"gasto","tipoEgresoTexto":"Gasto","tipoTexto":"Factura","subtipoEgreso":"GPERS","subtipoEgresoTexto":"Gastos personales y de familiares a cargo realizados en el pa\u00eds","numeroDocumento":"001-001-0008414","cuentaNumero":"","cuentaRazonSocial":"","tipoDocumentoOtros":"","numeroDespacho":"001-001-0008414","cuentaPeriodo":"2019","cuentaEmpleador":"SAMSARA SRL","empleadorIdentificacion":"80096037"},{"periodo":"2019","tipo":"1","relacionadoTipoIdentificacion":"RUC","fecha":"2019-01-23","mes":"1","id":67,"ruc":"7188231","egresoMontoTotal":286100,"relacionadoNombres":"SERVICIOS Y PRODUCTOS MULTIMEDIOS S.A.","relacionadoNumeroIdentificacion":"80062796","timbradoCondicion":"credito","timbradoDocumento":"001-008-0549761","timbradoNumero":"12608608","tipoEgreso":"gasto","tipoEgresoTexto":"Gasto","tipoTexto":"Factura","subtipoEgreso":"GPERS","subtipoEgresoTexto":"Gastos personales y de familiares a cargo realizados en el pa\u00eds","numeroDocumento":"001-008-0549761","cuentaNumero":"","cuentaRazonSocial":"","tipoDocumentoOtros":"","numeroDespacho":"001-008-0549761","cuentaPeriodo":"2019","cuentaEmpleador":"SERVICIOS Y PRODUCTOS MULTIMEDIOS S.A.","empleadorIdentificacion":"80062796"},{"periodo":"2019","tipo":"1","relacionadoTipoIdentificacion":"RUC","fecha":"2019-06-30","mes":"6","id":68,"ruc":"7188231","egresoMontoTotal":186348,"relacionadoNombres":"FARMA S.A.","relacionadoNumeroIdentificacion":"80022877","timbradoCondicion":"contado","timbradoDocumento":"165-001-0043871","timbradoNumero":"12828649","tipoEgreso":"gasto","tipoEgresoTexto":"Gasto","tipoTexto":"Factura","subtipoEgreso":"GPERS","subtipoEgresoTexto":"Gastos personales y de familiares a cargo realizados en el pa\u00eds","numeroDocumento":"165-001-0043871","cuentaNumero":"","cuentaRazonSocial":"","tipoDocumentoOtros":"","numeroDespacho":"165-001-0043871","cuentaPeriodo":"2019","cuentaEmpleador":"FARMA S.A.","empleadorIdentificacion":"80022877"},{"periodo":"2019","tipo":"1","relacionadoTipoIdentificacion":"RUC","fecha":"2019-04-23","mes":"4","id":69,"ruc":"7188231","egresoMontoTotal":510558,"relacionadoNombres":"RETAIL S.A.","relacionadoNumeroIdentificacion":"80016096","timbradoCondicion":"contado","timbradoDocumento":"007-012-0060207","timbradoNumero":"12856012","tipoEgreso":"gasto","tipoEgresoTexto":"Gasto","tipoTexto":"Factura","subtipoEgreso":"GPERS","subtipoEgresoTexto":"Gastos personales y de familiares a cargo realizados en el pa\u00eds","numeroDocumento":"007-012-0060207","cuentaNumero":"","cuentaRazonSocial":"","tipoDocumentoOtros":"","numeroDespacho":"007-012-0060207","cuentaPeriodo":"2019","cuentaEmpleador":"RETAIL S.A.","empleadorIdentificacion":"80016096"},{"periodo":"2019","tipo":"1","relacionadoTipoIdentificacion":"RUC","fecha":"2019-08-06","mes":"8","id":70,"ruc":"7188231","egresoMontoTotal":198178,"relacionadoNombres":"FASANO S.A.","relacionadoNumeroIdentificacion":"80044326","timbradoCondicion":"contado","timbradoDocumento":"002-005-0014285","timbradoNumero":"12852046","tipoEgreso":"gasto","tipoEgresoTexto":"Gasto","tipoTexto":"Factura","subtipoEgreso":"GPERS","subtipoEgresoTexto":"Gastos personales y de familiares a cargo realizados en el pa\u00eds","numeroDocumento":"002-005-0014285","cuentaNumero":"","cuentaRazonSocial":"","tipoDocumentoOtros":"","numeroDespacho":"002-005-0014285","cuentaPeriodo":"2019","cuentaEmpleador":"FASANO S.A.","empleadorIdentificacion":"80044326"},{"periodo":"2019","tipo":"1","relacionadoTipoIdentificacion":"RUC","fecha":"2019-08-11","mes":"8","id":71,"ruc":"7188231","egresoMontoTotal":249930,"relacionadoNombres":"ALIMENTOS ESPECIALES SA.-","relacionadoNumeroIdentificacion":"80003296","timbradoCondicion":"contado","timbradoDocumento":"006-007-0051766","timbradoNumero":"13092596","tipoEgreso":"gasto","tipoEgresoTexto":"Gasto","tipoTexto":"Factura","subtipoEgreso":"GPERS","subtipoEgresoTexto":"Gastos personales y de familiares a cargo realizados en el pa\u00eds","numeroDocumento":"006-007-0051766","cuentaNumero":"","cuentaRazonSocial":"","tipoDocumentoOtros":"","numeroDespacho":"006-007-0051766","cuentaPeriodo":"2019","cuentaEmpleador":"ALIMENTOS ESPECIALES SA.-","empleadorIdentificacion":"80003296"},{"periodo":"2019","tipo":"1","relacionadoTipoIdentificacion":"RUC","fecha":"2019-04-06","mes":"4","id":72,"ruc":"7188231","egresoMontoTotal":1103014,"relacionadoNombres":"MIRAFONTE SA","relacionadoNumeroIdentificacion":"80070391","timbradoCondicion":"contado","timbradoDocumento":"001-080-0009362","timbradoNumero":"13063353","tipoEgreso":"gasto","tipoEgresoTexto":"Gasto","tipoTexto":"Factura","subtipoEgreso":"GPERS","subtipoEgresoTexto":"Gastos personales y de familiares a cargo realizados en el pa\u00eds","numeroDocumento":"001-080-0009362","cuentaNumero":"","cuentaRazonSocial":"","tipoDocumentoOtros":"","numeroDespacho":"001-080-0009362","cuentaPeriodo":"2019","cuentaEmpleador":"MIRAFONTE SA","empleadorIdentificacion":"80070391"},{"periodo":"2019","tipo":"1","relacionadoTipoIdentificacion":"RUC","fecha":"2019-06-18","mes":"6","id":73,"ruc":"7188231","egresoMontoTotal":131000,"relacionadoNombres":"MOVA S.A.","relacionadoNumeroIdentificacion":"80089947","timbradoCondicion":"contado","timbradoDocumento":"001-002-0034598","timbradoNumero":"13405165","tipoEgreso":"gasto","tipoEgresoTexto":"Gasto","tipoTexto":"Factura","subtipoEgreso":"GPERS","subtipoEgresoTexto":"Gastos personales y de familiares a cargo realizados en el pa\u00eds","numeroDocumento":"001-002-0034598","cuentaNumero":"","cuentaRazonSocial":"","tipoDocumentoOtros":"","numeroDespacho":"001-002-0034598","cuentaPeriodo":"2019","cuentaEmpleador":"MOVA S.A.","empleadorIdentificacion":"80089947"},{"periodo":"2019","tipo":"1","relacionadoTipoIdentificacion":"RUC","fecha":"2019-04-11","mes":"4","id":74,"ruc":"7188231","egresoMontoTotal":215800,"relacionadoNombres":"PLAZA OFERTA S.A.","relacionadoNumeroIdentificacion":"80025958","timbradoCondicion":"contado","timbradoDocumento":"001-021-0001130","timbradoNumero":"13324304","tipoEgreso":"gasto","tipoEgresoTexto":"Gasto","tipoTexto":"Factura","subtipoEgreso":"GPERS","subtipoEgresoTexto":"Gastos personales y de familiares a cargo realizados en el pa\u00eds","numeroDocumento":"001-021-0001130","cuentaNumero":"","cuentaRazonSocial":"","tipoDocumentoOtros":"","numeroDespacho":"001-021-0001130","cuentaPeriodo":"2019","cuentaEmpleador":"PLAZA OFERTA S.A.","empleadorIdentificacion":"80025958"},{"periodo":"2019","tipo":"1","relacionadoTipoIdentificacion":"RUC","fecha":"2019-01-30","mes":"1","id":75,"ruc":"7188231","egresoMontoTotal":54495,"relacionadoNombres":"FASANO S.A.","relacionadoNumeroIdentificacion":"80044326","timbradoCondicion":"contado","timbradoDocumento":"001-002-0001141","timbradoNumero":"12852046","tipoEgreso":"gasto","tipoEgresoTexto":"Gasto","tipoTexto":"Factura","subtipoEgreso":"GPERS","subtipoEgresoTexto":"Gastos personales y de familiares a cargo realizados en el pa\u00eds","numeroDocumento":"001-002-0001141","cuentaNumero":"","cuentaRazonSocial":"","tipoDocumentoOtros":"","numeroDespacho":"001-002-0001141","cuentaPeriodo":"2019","cuentaEmpleador":"FASANO S.A.","empleadorIdentificacion":"80044326"},{"periodo":"2019","tipo":"1","relacionadoTipoIdentificacion":"RUC","fecha":"2019-09-21","mes":"9","id":76,"ruc":"7188231","egresoMontoTotal":238277,"relacionadoNombres":"RETAIL S.A.","relacionadoNumeroIdentificacion":"80016096","timbradoCondicion":"contado","timbradoDocumento":"007-036-0005664","timbradoNumero":"12983586","tipoEgreso":"gasto","tipoEgresoTexto":"Gasto","tipoTexto":"Factura","subtipoEgreso":"GPERS","subtipoEgresoTexto":"Gastos personales y de familiares a cargo realizados en el pa\u00eds","numeroDocumento":"007-036-0005664","cuentaNumero":"","cuentaRazonSocial":"","tipoDocumentoOtros":"","numeroDespacho":"007-036-0005664","cuentaPeriodo":"2019","cuentaEmpleador":"RETAIL S.A.","empleadorIdentificacion":"80016096"},{"periodo":"2019","tipo":"1","relacionadoTipoIdentificacion":"RUC","fecha":"2019-08-15","mes":"8","id":77,"ruc":"7188231","egresoMontoTotal":359750,"relacionadoNombres":"ALIMENTOS ESPECIALES SA.-","relacionadoNumeroIdentificacion":"80003296","timbradoCondicion":"contado","timbradoDocumento":"006-009-0053584","timbradoNumero":"13092596","tipoEgreso":"gasto","tipoEgresoTexto":"Gasto","tipoTexto":"Factura","subtipoEgreso":"GPERS","subtipoEgresoTexto":"Gastos personales y de familiares a cargo realizados en el pa\u00eds","numeroDocumento":"006-009-0053584","cuentaNumero":"","cuentaRazonSocial":"","tipoDocumentoOtros":"","numeroDespacho":"006-009-0053584","cuentaPeriodo":"2019","cuentaEmpleador":"ALIMENTOS ESPECIALES SA.-","empleadorIdentificacion":"80003296"},{"periodo":"2019","tipo":"1","relacionadoTipoIdentificacion":"RUC","fecha":"2019-03-27","mes":"3","id":78,"ruc":"7188231","egresoMontoTotal":190000,"relacionadoNombres":"SAMSARA SRL","relacionadoNumeroIdentificacion":"80096037","timbradoCondicion":"contado","timbradoDocumento":"001-001-0007542","timbradoNumero":"13296138","tipoEgreso":"gasto","tipoEgresoTexto":"Gasto","tipoTexto":"Factura","subtipoEgreso":"GPERS","subtipoEgresoTexto":"Gastos personales y de familiares a cargo realizados en el pa\u00eds","numeroDocumento":"001-001-0007542","cuentaNumero":"","cuentaRazonSocial":"","tipoDocumentoOtros":"","numeroDespacho":"001-001-0007542","cuentaPeriodo":"2019","cuentaEmpleador":"SAMSARA SRL","empleadorIdentificacion":"80096037"},{"periodo":"2019","tipo":"1","relacionadoTipoIdentificacion":"RUC","fecha":"2019-02-08","mes":"2","id":79,"ruc":"7188231","egresoMontoTotal":638286,"relacionadoNombres":"ALIMENTOS ESPECIALES SA.-","relacionadoNumeroIdentificacion":"80003296","timbradoCondicion":"contado","timbradoDocumento":"006-005-0011764","timbradoNumero":"13092596","tipoEgreso":"gasto","tipoEgresoTexto":"Gasto","tipoTexto":"Factura","subtipoEgreso":"GPERS","subtipoEgresoTexto":"Gastos personales y de familiares a cargo realizados en el pa\u00eds","numeroDocumento":"006-005-0011764","cuentaNumero":"","cuentaRazonSocial":"","tipoDocumentoOtros":"","numeroDespacho":"006-005-0011764","cuentaPeriodo":"2019","cuentaEmpleador":"ALIMENTOS ESPECIALES SA.-","empleadorIdentificacion":"80003296"},{"periodo":"2019","tipo":"1","relacionadoTipoIdentificacion":"RUC","fecha":"2019-09-03","mes":"9","id":80,"ruc":"7188231","egresoMontoTotal":7750000,"relacionadoNombres":"A & M ASOCIADOS SA","relacionadoNumeroIdentificacion":"80063919","timbradoCondicion":"contado","timbradoDocumento":"001-004-0000223","timbradoNumero":"13460855","tipoEgreso":"gasto","tipoEgresoTexto":"Gasto","tipoTexto":"Factura","subtipoEgreso":"GPERS","subtipoEgresoTexto":"Gastos personales y de familiares a cargo realizados en el pa\u00eds","numeroDocumento":"001-004-0000223","cuentaNumero":"","cuentaRazonSocial":"","tipoDocumentoOtros":"","numeroDespacho":"001-004-0000223","cuentaPeriodo":"2019","cuentaEmpleador":"A & M ASOCIADOS SA","empleadorIdentificacion":"80063919"},{"periodo":"2019","tipo":"1","relacionadoTipoIdentificacion":"RUC","fecha":"2019-01-31","mes":"1","id":81,"ruc":"7188231","egresoMontoTotal":1376705,"relacionadoNombres":"INMOBILIARIA MONTECRISTO S.A.","relacionadoNumeroIdentificacion":"80099572","timbradoCondicion":"contado","timbradoDocumento":"001-002-0003694","timbradoNumero":"12844379","tipoEgreso":"gasto","tipoEgresoTexto":"Gasto","tipoTexto":"Factura","subtipoEgreso":"GPERS","subtipoEgresoTexto":"Gastos personales y de familiares a cargo realizados en el pa\u00eds","numeroDocumento":"001-002-0003694","cuentaNumero":"","cuentaRazonSocial":"","tipoDocumentoOtros":"","numeroDespacho":"001-002-0003694","cuentaPeriodo":"2019","cuentaEmpleador":"INMOBILIARIA MONTECRISTO S.A.","empleadorIdentificacion":"80099572"},{"periodo":"2019","tipo":"1","relacionadoTipoIdentificacion":"RUC","fecha":"2019-07-01","mes":"7","id":82,"ruc":"7188231","egresoMontoTotal":116200,"relacionadoNombres":"FASANO S.A.","relacionadoNumeroIdentificacion":"80044326","timbradoCondicion":"contado","timbradoDocumento":"001-010-0030905","timbradoNumero":"12852046","tipoEgreso":"gasto","tipoEgresoTexto":"Gasto","tipoTexto":"Factura","subtipoEgreso":"GPERS","subtipoEgresoTexto":"Gastos personales y de familiares a cargo realizados en el pa\u00eds","numeroDocumento":"001-010-0030905","cuentaNumero":"","cuentaRazonSocial":"","tipoDocumentoOtros":"","numeroDespacho":"001-010-0030905","cuentaPeriodo":"2019","cuentaEmpleador":"FASANO S.A.","empleadorIdentificacion":"80044326"},{"periodo":"2019","tipo":"1","relacionadoTipoIdentificacion":"RUC","fecha":"2019-03-30","mes":"3","id":83,"ruc":"7188231","egresoMontoTotal":2604054,"relacionadoNombres":"INMOBILIARIA MONTECRISTO S.A.","relacionadoNumeroIdentificacion":"80099572","timbradoCondicion":"contado","timbradoDocumento":"001-002-0004510","timbradoNumero":"13263872","tipoEgreso":"gasto","tipoEgresoTexto":"Gasto","tipoTexto":"Factura","subtipoEgreso":"GPERS","subtipoEgresoTexto":"Gastos personales y de familiares a cargo realizados en el pa\u00eds","numeroDocumento":"001-002-0004510","cuentaNumero":"","cuentaRazonSocial":"","tipoDocumentoOtros":"","numeroDespacho":"001-002-0004510","cuentaPeriodo":"2019","cuentaEmpleador":"INMOBILIARIA MONTECRISTO S.A.","empleadorIdentificacion":"80099572"},{"periodo":"2019","tipo":"1","relacionadoTipoIdentificacion":"RUC","fecha":"2019-09-20","mes":"9","id":84,"ruc":"7188231","egresoMontoTotal":145000,"relacionadoNombres":"LHC SA","relacionadoNumeroIdentificacion":"80077176","timbradoCondicion":"contado","timbradoDocumento":"016-001-0001084","timbradoNumero":"13306290","tipoEgreso":"gasto","tipoEgresoTexto":"Gasto","tipoTexto":"Factura","subtipoEgreso":"GPERS","subtipoEgresoTexto":"Gastos personales y de familiares a cargo realizados en el pa\u00eds","numeroDocumento":"016-001-0001084","cuentaNumero":"","cuentaRazonSocial":"","tipoDocumentoOtros":"","numeroDespacho":"016-001-0001084","cuentaPeriodo":"2019","cuentaEmpleador":"LHC SA","empleadorIdentificacion":"80077176"},{"periodo":"2019","tipo":"1","relacionadoTipoIdentificacion":"RUC","fecha":"2019-06-08","mes":"6","id":85,"ruc":"7188231","egresoMontoTotal":1301355,"relacionadoNombres":"MIRAFONTE SA","relacionadoNumeroIdentificacion":"80070391","timbradoCondicion":"contado","timbradoDocumento":"001-081-0013192","timbradoNumero":"13063353","tipoEgreso":"gasto","tipoEgresoTexto":"Gasto","tipoTexto":"Factura","subtipoEgreso":"GPERS","subtipoEgresoTexto":"Gastos personales y de familiares a cargo realizados en el pa\u00eds","numeroDocumento":"001-081-0013192","cuentaNumero":"","cuentaRazonSocial":"","tipoDocumentoOtros":"","numeroDespacho":"001-081-0013192","cuentaPeriodo":"2019","cuentaEmpleador":"MIRAFONTE SA","empleadorIdentificacion":"80070391"},{"periodo":"2019","tipo":"1","relacionadoTipoIdentificacion":"RUC","fecha":"2019-06-27","mes":"6","id":86,"ruc":"7188231","egresoMontoTotal":545002,"relacionadoNombres":"RETAIL S.A.","relacionadoNumeroIdentificacion":"80016096","timbradoCondicion":"contado","timbradoDocumento":"007-014-0074891","timbradoNumero":"12856012","tipoEgreso":"gasto","tipoEgresoTexto":"Gasto","tipoTexto":"Factura","subtipoEgreso":"GPERS","subtipoEgresoTexto":"Gastos personales y de familiares a cargo realizados en el pa\u00eds","numeroDocumento":"007-014-0074891","cuentaNumero":"","cuentaRazonSocial":"","tipoDocumentoOtros":"","numeroDespacho":"007-014-0074891","cuentaPeriodo":"2019","cuentaEmpleador":"RETAIL S.A.","empleadorIdentificacion":"80016096"},{"periodo":"2019","tipo":"1","relacionadoTipoIdentificacion":"RUC","fecha":"2019-09-24","mes":"9","id":87,"ruc":"7188231","egresoMontoTotal":115100,"relacionadoNombres":"FASANO S.A.","relacionadoNumeroIdentificacion":"80044326","timbradoCondicion":"contado","timbradoDocumento":"002-006-0003162","timbradoNumero":"13584563","tipoEgreso":"gasto","tipoEgresoTexto":"Gasto","tipoTexto":"Factura","subtipoEgreso":"GPERS","subtipoEgresoTexto":"Gastos personales y de familiares a cargo realizados en el pa\u00eds","numeroDocumento":"002-006-0003162","cuentaNumero":"","cuentaRazonSocial":"","tipoDocumentoOtros":"","numeroDespacho":"002-006-0003162","cuentaPeriodo":"2019","cuentaEmpleador":"FASANO S.A.","empleadorIdentificacion":"80044326"},{"periodo":"2019","tipo":"1","relacionadoTipoIdentificacion":"RUC","fecha":"2019-04-30","mes":"4","id":88,"ruc":"7188231","egresoMontoTotal":2576000,"relacionadoNombres":"DAZZBAR S.A","relacionadoNumeroIdentificacion":"80094876","timbradoCondicion":"contado","timbradoDocumento":"001-003-0008587","timbradoNumero":"13215112","tipoEgreso":"gasto","tipoEgresoTexto":"Gasto","tipoTexto":"Factura","subtipoEgreso":"GPERS","subtipoEgresoTexto":"Gastos personales y de familiares a cargo realizados en el pa\u00eds","numeroDocumento":"001-003-0008587","cuentaNumero":"","cuentaRazonSocial":"","tipoDocumentoOtros":"","numeroDespacho":"001-003-0008587","cuentaPeriodo":"2019","cuentaEmpleador":"DAZZBAR S.A","empleadorIdentificacion":"80094876"},{"periodo":"2019","tipo":"1","relacionadoTipoIdentificacion":"RUC","fecha":"2019-06-29","mes":"6","id":89,"ruc":"7188231","egresoMontoTotal":31000,"relacionadoNombres":"AERO STORE PY SRL","relacionadoNumeroIdentificacion":"80102883","timbradoCondicion":"contado","timbradoDocumento":"001-001-0000166","timbradoNumero":"12927659","tipoEgreso":"gasto","tipoEgresoTexto":"Gasto","tipoTexto":"Factura","subtipoEgreso":"GPERS","subtipoEgresoTexto":"Gastos personales y de familiares a cargo realizados en el pa\u00eds","numeroDocumento":"001-001-0000166","cuentaNumero":"","cuentaRazonSocial":"","tipoDocumentoOtros":"","numeroDespacho":"001-001-0000166","cuentaPeriodo":"2019","cuentaEmpleador":"AERO STORE PY SRL","empleadorIdentificacion":"80102883"},{"periodo":"2019","tipo":"1","relacionadoTipoIdentificacion":"RUC","fecha":"2019-05-14","mes":"5","id":90,"ruc":"7188231","egresoMontoTotal":113550,"relacionadoNombres":"ALIMENTOS ESPECIALES SA.-","relacionadoNumeroIdentificacion":"80003296","timbradoCondicion":"contado","timbradoDocumento":"006-003-0047039","timbradoNumero":"13092596","tipoEgreso":"gasto","tipoEgresoTexto":"Gasto","tipoTexto":"Factura","subtipoEgreso":"GPERS","subtipoEgresoTexto":"Gastos personales y de familiares a cargo realizados en el pa\u00eds","numeroDocumento":"006-003-0047039","cuentaNumero":"","cuentaRazonSocial":"","tipoDocumentoOtros":"","numeroDespacho":"006-003-0047039","cuentaPeriodo":"2019","cuentaEmpleador":"ALIMENTOS ESPECIALES SA.-","empleadorIdentificacion":"80003296"},{"periodo":"2019","tipo":"1","relacionadoTipoIdentificacion":"RUC","fecha":"2019-02-15","mes":"2","id":91,"ruc":"7188231","egresoMontoTotal":701900,"relacionadoNombres":"MACROMIX S.A.","relacionadoNumeroIdentificacion":"80079891","timbradoCondicion":"contado","timbradoDocumento":"001-058-0006191","timbradoNumero":"13082938","tipoEgreso":"gasto","tipoEgresoTexto":"Gasto","tipoTexto":"Factura","subtipoEgreso":"GPERS","subtipoEgresoTexto":"Gastos personales y de familiares a cargo realizados en el pa\u00eds","numeroDocumento":"001-058-0006191","cuentaNumero":"","cuentaRazonSocial":"","tipoDocumentoOtros":"","numeroDespacho":"001-058-0006191","cuentaPeriodo":"2019","cuentaEmpleador":"MACROMIX S.A.","empleadorIdentificacion":"80079891"},{"periodo":"2019","tipo":"1","relacionadoTipoIdentificacion":"RUC","fecha":"2019-04-25","mes":"4","id":92,"ruc":"7188231","egresoMontoTotal":384249,"relacionadoNombres":"MIRAFONTE SA","relacionadoNumeroIdentificacion":"80070391","timbradoCondicion":"contado","timbradoDocumento":"001-086-0015159","timbradoNumero":"13063353","tipoEgreso":"gasto","tipoEgresoTexto":"Gasto","tipoTexto":"Factura","subtipoEgreso":"GPERS","subtipoEgresoTexto":"Gastos personales y de familiares a cargo realizados en el pa\u00eds","numeroDocumento":"001-086-0015159","cuentaNumero":"","cuentaRazonSocial":"","tipoDocumentoOtros":"","numeroDespacho":"001-086-0015159","cuentaPeriodo":"2019","cuentaEmpleador":"MIRAFONTE SA","empleadorIdentificacion":"80070391"},{"periodo":"2019","tipo":"1","relacionadoTipoIdentificacion":"RUC","fecha":"2019-07-03","mes":"7","id":93,"ruc":"7188231","egresoMontoTotal":7750000,"relacionadoNombres":"A & M ASOCIADOS SA","relacionadoNumeroIdentificacion":"80063919","timbradoCondicion":"contado","timbradoDocumento":"001-004-0000209","timbradoNumero":"13460855","tipoEgreso":"gasto","tipoEgresoTexto":"Gasto","tipoTexto":"Factura","subtipoEgreso":"GPERS","subtipoEgresoTexto":"Gastos personales y de familiares a cargo realizados en el pa\u00eds","numeroDocumento":"001-004-0000209","cuentaNumero":"","cuentaRazonSocial":"","tipoDocumentoOtros":"","numeroDespacho":"001-004-0000209","cuentaPeriodo":"2019","cuentaEmpleador":"A & M ASOCIADOS SA","empleadorIdentificacion":"80063919"},{"periodo":"2019","tipo":"1","relacionadoTipoIdentificacion":"RUC","fecha":"2019-04-28","mes":"4","id":94,"ruc":"7188231","egresoMontoTotal":147750,"relacionadoNombres":"ALIMENTOS ESPECIALES SA.-","relacionadoNumeroIdentificacion":"80003296","timbradoCondicion":"contado","timbradoDocumento":"006-007-0029614","timbradoNumero":"13092596","tipoEgreso":"gasto","tipoEgresoTexto":"Gasto","tipoTexto":"Factura","subtipoEgreso":"GPERS","subtipoEgresoTexto":"Gastos personales y de familiares a cargo realizados en el pa\u00eds","numeroDocumento":"006-007-0029614","cuentaNumero":"","cuentaRazonSocial":"","tipoDocumentoOtros":"","numeroDespacho":"006-007-0029614","cuentaPeriodo":"2019","cuentaEmpleador":"ALIMENTOS ESPECIALES SA.-","empleadorIdentificacion":"80003296"},{"periodo":"2019","tipo":"1","relacionadoTipoIdentificacion":"RUC","fecha":"2019-08-27","mes":"8","id":95,"ruc":"7188231","egresoMontoTotal":164358,"relacionadoNombres":"RETAIL S.A.","relacionadoNumeroIdentificacion":"80016096","timbradoCondicion":"contado","timbradoDocumento":"007-049-0007125","timbradoNumero":"12983586","tipoEgreso":"gasto","tipoEgresoTexto":"Gasto","tipoTexto":"Factura","subtipoEgreso":"GPERS","subtipoEgresoTexto":"Gastos personales y de familiares a cargo realizados en el pa\u00eds","numeroDocumento":"007-049-0007125","cuentaNumero":"","cuentaRazonSocial":"","tipoDocumentoOtros":"","numeroDespacho":"007-049-0007125","cuentaPeriodo":"2019","cuentaEmpleador":"RETAIL S.A.","empleadorIdentificacion":"80016096"}],"familiares":[]}